CEND
SUBCASE       1
  LABEL= loadstep1
  SPC =        3
  METHOD(STRUCTURE) =        2
  ANALYSIS = MODES
BEGIN BULK
GRID           1             0.0     0.0     0.0
GRID           2             0.0     0.0     0.6
GRID           3             0.0    0.03     0.0
GRID           4             0.0    0.03     0.6
GRID           5            0.05     0.0     0.0
GRID           6            0.05     0.0     0.6
GRID           7            0.05    0.03     0.0
GRID           8            0.05    0.03     0.6
GRID           9             0.0     0.0    0.01
GRID          10             0.0     0.0    0.02
GRID          11             0.0     0.0    0.03
GRID          12             0.0     0.0    0.04
GRID          13             0.0     0.0    0.05
GRID          14             0.0     0.0    0.06
GRID          15             0.0     0.0    0.07
GRID          16             0.0     0.0    0.08
GRID          17             0.0     0.0    0.09
GRID          18             0.0     0.0     0.1
GRID          19             0.0     0.0    0.11
GRID          20             0.0     0.0    0.12
GRID          21             0.0     0.0    0.13
GRID          22             0.0     0.0    0.14
GRID          23             0.0     0.0    0.15
GRID          24             0.0     0.0    0.16
GRID          25             0.0     0.0    0.17
GRID          26             0.0     0.0    0.18
GRID          27             0.0     0.0    0.19
GRID          28             0.0     0.0     0.2
GRID          29             0.0     0.0    0.21
GRID          30             0.0     0.0    0.22
GRID          31             0.0     0.0    0.23
GRID          32             0.0     0.0    0.24
GRID          33             0.0     0.0    0.25
GRID          34             0.0     0.0    0.26
GRID          35             0.0     0.0    0.27
GRID          36             0.0     0.0    0.28
GRID          37             0.0     0.0    0.29
GRID          38             0.0     0.0     0.3
GRID          39             0.0     0.0    0.31
GRID          40             0.0     0.0    0.32
GRID          41             0.0     0.0    0.33
GRID          42             0.0     0.0    0.34
GRID          43             0.0     0.0    0.35
GRID          44             0.0     0.0    0.36
GRID          45             0.0     0.0    0.37
GRID          46             0.0     0.0    0.38
GRID          47             0.0     0.0    0.39
GRID          48             0.0     0.0     0.4
GRID          49             0.0     0.0    0.41
GRID          50             0.0     0.0    0.42
GRID          51             0.0     0.0    0.43
GRID          52             0.0     0.0    0.44
GRID          53             0.0     0.0    0.45
GRID          54             0.0     0.0    0.46
GRID          55             0.0     0.0    0.47
GRID          56             0.0     0.0    0.48
GRID          57             0.0     0.0    0.49
GRID          58             0.0     0.0     0.5
GRID          59             0.0     0.0    0.51
GRID          60             0.0     0.0    0.52
GRID          61             0.0     0.0    0.53
GRID          62             0.0     0.0    0.54
GRID          63             0.0     0.0    0.55
GRID          64             0.0     0.0    0.56
GRID          65             0.0     0.0    0.57
GRID          66             0.0     0.0    0.58
GRID          67             0.0     0.0    0.59
GRID          68             0.0    0.01     0.0
GRID          69             0.0    0.02     0.0
GRID          70             0.0    0.03    0.01
GRID          71             0.0    0.03    0.02
GRID          72             0.0    0.03    0.03
GRID          73             0.0    0.03    0.04
GRID          74             0.0    0.03    0.05
GRID          75             0.0    0.03    0.06
GRID          76             0.0    0.03    0.07
GRID          77             0.0    0.03    0.08
GRID          78             0.0    0.03    0.09
GRID          79             0.0    0.03     0.1
GRID          80             0.0    0.03    0.11
GRID          81             0.0    0.03    0.12
GRID          82             0.0    0.03    0.13
GRID          83             0.0    0.03    0.14
GRID          84             0.0    0.03    0.15
GRID          85             0.0    0.03    0.16
GRID          86             0.0    0.03    0.17
GRID          87             0.0    0.03    0.18
GRID          88             0.0    0.03    0.19
GRID          89             0.0    0.03     0.2
GRID          90             0.0    0.03    0.21
GRID          91             0.0    0.03    0.22
GRID          92             0.0    0.03    0.23
GRID          93             0.0    0.03    0.24
GRID          94             0.0    0.03    0.25
GRID          95             0.0    0.03    0.26
GRID          96             0.0    0.03    0.27
GRID          97             0.0    0.03    0.28
GRID          98             0.0    0.03    0.29
GRID          99             0.0    0.03     0.3
GRID         100             0.0    0.03    0.31
GRID         101             0.0    0.03    0.32
GRID         102             0.0    0.03    0.33
GRID         103             0.0    0.03    0.34
GRID         104             0.0    0.03    0.35
GRID         105             0.0    0.03    0.36
GRID         106             0.0    0.03    0.37
GRID         107             0.0    0.03    0.38
GRID         108             0.0    0.03    0.39
GRID         109             0.0    0.03     0.4
GRID         110             0.0    0.03    0.41
GRID         111             0.0    0.03    0.42
GRID         112             0.0    0.03    0.43
GRID         113             0.0    0.03    0.44
GRID         114             0.0    0.03    0.45
GRID         115             0.0    0.03    0.46
GRID         116             0.0    0.03    0.47
GRID         117             0.0    0.03    0.48
GRID         118             0.0    0.03    0.49
GRID         119             0.0    0.03     0.5
GRID         120             0.0    0.03    0.51
GRID         121             0.0    0.03    0.52
GRID         122             0.0    0.03    0.53
GRID         123             0.0    0.03    0.54
GRID         124             0.0    0.03    0.55
GRID         125             0.0    0.03    0.56
GRID         126             0.0    0.03    0.57
GRID         127             0.0    0.03    0.58
GRID         128             0.0    0.03    0.59
GRID         129             0.0    0.01     0.6
GRID         130             0.0    0.02     0.6
GRID         131            0.05     0.0    0.01
GRID         132            0.05     0.0    0.02
GRID         133            0.05     0.0    0.03
GRID         134            0.05     0.0    0.04
GRID         135            0.05     0.0    0.05
GRID         136            0.05     0.0    0.06
GRID         137            0.05     0.0    0.07
GRID         138            0.05     0.0    0.08
GRID         139            0.05     0.0    0.09
GRID         140            0.05     0.0     0.1
GRID         141            0.05     0.0    0.11
GRID         142            0.05     0.0    0.12
GRID         143            0.05     0.0    0.13
GRID         144            0.05     0.0    0.14
GRID         145            0.05     0.0    0.15
GRID         146            0.05     0.0    0.16
GRID         147            0.05     0.0    0.17
GRID         148            0.05     0.0    0.18
GRID         149            0.05     0.0    0.19
GRID         150            0.05     0.0     0.2
GRID         151            0.05     0.0    0.21
GRID         152            0.05     0.0    0.22
GRID         153            0.05     0.0    0.23
GRID         154            0.05     0.0    0.24
GRID         155            0.05     0.0    0.25
GRID         156            0.05     0.0    0.26
GRID         157            0.05     0.0    0.27
GRID         158            0.05     0.0    0.28
GRID         159            0.05     0.0    0.29
GRID         160            0.05     0.0     0.3
GRID         161            0.05     0.0    0.31
GRID         162            0.05     0.0    0.32
GRID         163            0.05     0.0    0.33
GRID         164            0.05     0.0    0.34
GRID         165            0.05     0.0    0.35
GRID         166            0.05     0.0    0.36
GRID         167            0.05     0.0    0.37
GRID         168            0.05     0.0    0.38
GRID         169            0.05     0.0    0.39
GRID         170            0.05     0.0     0.4
GRID         171            0.05     0.0    0.41
GRID         172            0.05     0.0    0.42
GRID         173            0.05     0.0    0.43
GRID         174            0.05     0.0    0.44
GRID         175            0.05     0.0    0.45
GRID         176            0.05     0.0    0.46
GRID         177            0.05     0.0    0.47
GRID         178            0.05     0.0    0.48
GRID         179            0.05     0.0    0.49
GRID         180            0.05     0.0     0.5
GRID         181            0.05     0.0    0.51
GRID         182            0.05     0.0    0.52
GRID         183            0.05     0.0    0.53
GRID         184            0.05     0.0    0.54
GRID         185            0.05     0.0    0.55
GRID         186            0.05     0.0    0.56
GRID         187            0.05     0.0    0.57
GRID         188            0.05     0.0    0.58
GRID         189            0.05     0.0    0.59
GRID         190            0.05    0.01     0.0
GRID         191            0.05    0.02     0.0
GRID         192            0.05    0.03    0.01
GRID         193            0.05    0.03    0.02
GRID         194            0.05    0.03    0.03
GRID         195            0.05    0.03    0.04
GRID         196            0.05    0.03    0.05
GRID         197            0.05    0.03    0.06
GRID         198            0.05    0.03    0.07
GRID         199            0.05    0.03    0.08
GRID         200            0.05    0.03    0.09
GRID         201            0.05    0.03     0.1
GRID         202            0.05    0.03    0.11
GRID         203            0.05    0.03    0.12
GRID         204            0.05    0.03    0.13
GRID         205            0.05    0.03    0.14
GRID         206            0.05    0.03    0.15
GRID         207            0.05    0.03    0.16
GRID         208            0.05    0.03    0.17
GRID         209            0.05    0.03    0.18
GRID         210            0.05    0.03    0.19
GRID         211            0.05    0.03     0.2
GRID         212            0.05    0.03    0.21
GRID         213            0.05    0.03    0.22
GRID         214            0.05    0.03    0.23
GRID         215            0.05    0.03    0.24
GRID         216            0.05    0.03    0.25
GRID         217            0.05    0.03    0.26
GRID         218            0.05    0.03    0.27
GRID         219            0.05    0.03    0.28
GRID         220            0.05    0.03    0.29
GRID         221            0.05    0.03     0.3
GRID         222            0.05    0.03    0.31
GRID         223            0.05    0.03    0.32
GRID         224            0.05    0.03    0.33
GRID         225            0.05    0.03    0.34
GRID         226            0.05    0.03    0.35
GRID         227            0.05    0.03    0.36
GRID         228            0.05    0.03    0.37
GRID         229            0.05    0.03    0.38
GRID         230            0.05    0.03    0.39
GRID         231            0.05    0.03     0.4
GRID         232            0.05    0.03    0.41
GRID         233            0.05    0.03    0.42
GRID         234            0.05    0.03    0.43
GRID         235            0.05    0.03    0.44
GRID         236            0.05    0.03    0.45
GRID         237            0.05    0.03    0.46
GRID         238            0.05    0.03    0.47
GRID         239            0.05    0.03    0.48
GRID         240            0.05    0.03    0.49
GRID         241            0.05    0.03     0.5
GRID         242            0.05    0.03    0.51
GRID         243            0.05    0.03    0.52
GRID         244            0.05    0.03    0.53
GRID         245            0.05    0.03    0.54
GRID         246            0.05    0.03    0.55
GRID         247            0.05    0.03    0.56
GRID         248            0.05    0.03    0.57
GRID         249            0.05    0.03    0.58
GRID         250            0.05    0.03    0.59
GRID         251            0.05    0.01     0.6
GRID         252            0.05    0.02     0.6
GRID         253            0.01     0.0     0.0
GRID         254            0.02     0.0     0.0
GRID         255            0.03     0.0     0.0
GRID         256            0.04     0.0     0.0
GRID         257            0.01     0.0     0.6
GRID         258            0.02     0.0     0.6
GRID         259            0.03     0.0     0.6
GRID         260            0.04     0.0     0.6
GRID         261            0.01    0.03     0.0
GRID         262            0.02    0.03     0.0
GRID         263            0.03    0.03     0.0
GRID         264            0.04    0.03     0.0
GRID         265            0.01    0.03     0.6
GRID         266            0.02    0.03     0.6
GRID         267            0.03    0.03     0.6
GRID         268            0.04    0.03     0.6
GRID         269             0.0 0.00866   0.515
GRID         270             0.0 0.00866   0.535
GRID         271             0.00.0084970.564717
GRID         272             0.00.0215030.235283
GRID         273             0.0 0.00866   0.305
GRID         274             0.0 0.00866   0.365
GRID         275             0.0 0.00866   0.145
GRID         276             0.0 0.00866   0.185
GRID         277             0.00.0084170.415074
GRID         278             0.0 0.00866   0.115
GRID         279             0.0 0.00866   0.095
GRID         280             0.00.0084970.044717
GRID         281             0.0 0.00866   0.205
GRID         282             0.00.0084170.255074
GRID         283             0.0 0.00866   0.065
GRID         284             0.0 0.00866   0.165
GRID         285             0.0 0.021840.024902
GRID         286             0.0   0.0150.590618
GRID         287             0.0 0.00866   0.345
GRID         288             0.00.0084170.384926
GRID         289             0.0 0.00866   0.485
GRID         290             0.0 0.00866   0.435
GRID         291             0.0 0.00866   0.275
GRID         292             0.0 0.00866   0.325
GRID         293             0.00.0084970.455283
GRID         294             0.0   0.0150.009382
GRID         295             0.0 0.02134   0.505
GRID         296             0.00.0227750.574626
GRID         297             0.00.0215830.544926
GRID         298             0.00.0215830.475074
GRID         299             0.0 0.02134   0.135
GRID         300             0.00.0076690.225202
GRID         301             0.0 0.02134   0.215
GRID         302             0.0 0.02134   0.195
GRID         303             0.0 0.02134   0.105
GRID         304             0.0 0.02134   0.285
GRID         305             0.00.021731   0.395
GRID         306             0.0 0.02134   0.075
GRID         307             0.0 0.02134   0.155
GRID         308             0.00.0223310.054798
GRID         309             0.0 0.02134   0.175
GRID         310             0.0 0.02134   0.375
GRID         311             0.0 0.02134   0.315
GRID         312             0.0 0.02134   0.265
GRID         313             0.0 0.02134   0.335
GRID         314             0.0 0.02134   0.425
GRID         315             0.00.0223310.445202
GRID         316             0.0 0.02134   0.355
GRID         317             0.0 0.02134   0.525
GRID         318             0.0 0.00866   0.025
GRID         319             0.0 0.00866   0.505
GRID         320             0.00.0080360.574579
GRID         321             0.0 0.00866   0.545
GRID         322             0.00.021796   0.405
GRID         323             0.00.012689     0.4
GRID         324             0.0 0.00866   0.475
GRID         325             0.00.0082420.465047
GRID         326             0.00.0156770.460621
GRID         327             0.00.0216820.435012
GRID         328             0.0 0.00866   0.375
GRID         329             0.0 0.02134   0.305
GRID         330             0.0 0.02134   0.515
GRID         331             0.0 0.02134   0.345
GRID         332             0.0 0.02134   0.535
GRID         333             0.00.0082420.554953
GRID         334             0.00.0156770.559379
GRID         335             0.0 0.02134   0.255
GRID         336             0.0 0.00866   0.285
GRID         337             0.0 0.00866   0.335
GRID         338             0.00.0217580.245047
GRID         339             0.00.0143230.240621
GRID         340             0.0 0.00866   0.315
GRID         341             0.0 0.02134   0.295
GRID         342             0.0 0.00866   0.135
GRID         343             0.0 0.00866   0.195
GRID         344             0.00.008083 0.44533
GRID         345             0.00.0083180.215012
GRID         346             0.0 0.02134   0.185
GRID         347             0.0 0.00866   0.425
GRID         348             0.0 0.02134   0.095
GRID         349             0.0 0.00866   0.075
GRID         350             0.0 0.00866   0.105
GRID         351             0.0 0.02134   0.205
GRID         352             0.0 0.00866   0.265
GRID         353             0.0 0.02134   0.085
GRID         354             0.0 0.02134   0.145
GRID         355             0.00.0216820.064988
GRID         356             0.0 0.02134   0.125
GRID         357             0.0 0.00866   0.125
GRID         358             0.0 0.02134   0.115
GRID         359             0.0 0.00866   0.155
GRID         360             0.00.0082420.034953
GRID         361             0.00.0156770.039379
GRID         362             0.0 0.00866   0.085
GRID         363             0.00.021917 0.22533
GRID         364             0.00.008083 0.05467
GRID         365             0.0 0.02134   0.165
GRID         366             0.00.021562   0.415
GRID         367             0.0 0.02134   0.365
GRID         368             0.0 0.00866   0.175
GRID         369             0.0 0.02134   0.325
GRID         370             0.0 0.02134   0.275
GRID         371             0.0 0.00866   0.295
GRID         372             0.0 0.00866   0.355
GRID         373             0.0 0.02134   0.485
GRID         374             0.00.021559   0.385
GRID         375             0.0 0.00866   0.495
GRID         376             0.0 0.02134   0.495
GRID         377             0.0 0.00866   0.525
GRID         378             0.00.0075590.584637
GRID         379             0.00.0225760.584645
GRID         380             0.00.0076630.015292
GRID         381             0.0 0.022420.015276
GRID         382             0.00.0226530.554884
GRID         383             0.00.0072260.392985
GRID         384             0.00.0073470.245116
GRID         385             0.00.0155460.049761
GRID         386             0.00.0156120.569708
GRID         387             0.00.022696 0.03488
GRID         388             0.00.0144540.230239
GRID         389             0.00.0072260.407015
GRID         390             0.00.0226530.465116
GRID         391             0.00.0155460.450239
GRID         392             0.0   0.015    0.53
GRID         393             0.0   0.015    0.54
GRID         394             0.0   0.015    0.19
GRID         395             0.0   0.015    0.21
GRID         396             0.0   0.015    0.14
GRID         397             0.0   0.015    0.49
GRID         398             0.0   0.015    0.15
GRID         399             0.00.0147830.220131
GRID         400             0.0   0.015    0.48
GRID         401             0.0   0.015    0.18
GRID         402             0.0   0.015     0.2
GRID         403             0.0   0.015    0.11
GRID         404             0.0   0.015    0.09
GRID         405             0.00.0152170.059869
GRID         406             0.0   0.015    0.17
GRID         407             0.0   0.015    0.12
GRID         408             0.0   0.015    0.13
GRID         409             0.0   0.015     0.5
GRID         410             0.0   0.015    0.08
GRID         411             0.0   0.015     0.3
GRID         412             0.00.0150480.069988
GRID         413             0.0   0.015    0.16
GRID         414             0.0   0.015     0.1
GRID         415             0.0   0.015    0.27
GRID         416             0.0   0.015    0.32
GRID         417             0.0   0.015    0.38
GRID         418             0.0   0.015    0.52
GRID         419             0.0   0.015    0.34
GRID         420             0.0   0.015    0.43
GRID         421             0.0   0.015    0.31
GRID         422             0.0   0.015    0.33
GRID         423             0.0   0.015    0.36
GRID         424             0.0   0.015    0.51
GRID         425             0.0   0.015    0.26
GRID         426             0.0   0.015    0.29
GRID         427             0.0   0.015    0.28
GRID         428             0.0   0.015    0.42
GRID         429             0.0   0.015    0.37
GRID         430             0.00.0152170.440131
GRID         431             0.0   0.015    0.35
GRID         432             0.00.0227860.564766
GRID         433             0.00.014974    0.55
GRID         434             0.00.0072990.235196
GRID         435             0.00.0148150.410127
GRID         436             0.00.0151670.029929
GRID         437             0.00.0227080.044803
GRID         438             0.00.015026    0.25
GRID         439             0.00.0147250.389822
GRID         440             0.00.0227010.455196
GRID         441             0.00.014974    0.47
GRID         442             0.00.0150330.020029
GRID         443             0.00.015068 0.57991
GRID         444             0.00.0073210.592679
GRID         445             0.00.0073210.007321
GRID         446             0.00.0226790.007321
GRID         447             0.00.0226790.592679
GRID         448            0.05 0.00866   0.515
GRID         449            0.05 0.00866   0.535
GRID         450            0.050.0084970.564717
GRID         451            0.050.0215030.235283
GRID         452            0.05 0.00866   0.305
GRID         453            0.05 0.00866   0.365
GRID         454            0.05 0.00866   0.145
GRID         455            0.05 0.00866   0.185
GRID         456            0.050.0084170.415074
GRID         457            0.05 0.00866   0.115
GRID         458            0.05 0.00866   0.095
GRID         459            0.05 0.02134   0.045
GRID         460            0.05 0.00866   0.205
GRID         461            0.050.0084170.255074
GRID         462            0.05 0.00866   0.065
GRID         463            0.05 0.00866   0.165
GRID         464            0.05 0.02134   0.025
GRID         465            0.05   0.0150.590618
GRID         466            0.05 0.00866   0.345
GRID         467            0.050.0084170.384926
GRID         468            0.05 0.00866   0.485
GRID         469            0.05 0.00866   0.435
GRID         470            0.05 0.00866   0.275
GRID         471            0.05 0.00866   0.325
GRID         472            0.050.0084970.455283
GRID         473            0.05   0.0150.009382
GRID         474            0.05 0.02134   0.505
GRID         475            0.050.0227750.574626
GRID         476            0.050.0215830.544926
GRID         477            0.050.0215830.475074
GRID         478            0.05 0.02134   0.135
GRID         479            0.050.0076690.225202
GRID         480            0.05 0.02134   0.215
GRID         481            0.05 0.02134   0.195
GRID         482            0.05 0.02134   0.105
GRID         483            0.05 0.02134   0.285
GRID         484            0.050.021731   0.395
GRID         485            0.05 0.02134   0.075
GRID         486            0.05 0.02134   0.155
GRID         487            0.05 0.02134   0.175
GRID         488            0.05 0.00866   0.035
GRID         489            0.05 0.02134   0.375
GRID         490            0.05 0.02134   0.315
GRID         491            0.05 0.02134   0.265
GRID         492            0.05 0.02134   0.335
GRID         493            0.05 0.02134   0.425
GRID         494            0.050.0223310.445202
GRID         495            0.05 0.02134   0.355
GRID         496            0.05 0.02134   0.525
GRID         497            0.05 0.00866   0.505
GRID         498            0.050.0080360.574579
GRID         499            0.05 0.00866   0.545
GRID         500            0.050.021796   0.405
GRID         501            0.050.012689     0.4
GRID         502            0.05 0.00866   0.475
GRID         503            0.050.0082420.465047
GRID         504            0.050.0156770.460621
GRID         505            0.050.0216820.435012
GRID         506            0.05 0.00866   0.375
GRID         507            0.05 0.02134   0.305
GRID         508            0.05 0.02134   0.515
GRID         509            0.05 0.02134   0.345
GRID         510            0.05 0.02134   0.535
GRID         511            0.050.0082420.554953
GRID         512            0.050.0156770.559379
GRID         513            0.05 0.02134   0.255
GRID         514            0.05 0.00866   0.285
GRID         515            0.05 0.00866   0.335
GRID         516            0.050.0217580.245047
GRID         517            0.050.0143230.240621
GRID         518            0.05 0.00866   0.315
GRID         519            0.05 0.02134   0.295
GRID         520            0.05 0.00866   0.135
GRID         521            0.05 0.00866   0.195
GRID         522            0.050.008083 0.44533
GRID         523            0.050.0083180.215012
GRID         524            0.05 0.02134   0.185
GRID         525            0.05 0.00866   0.425
GRID         526            0.05 0.02134   0.095
GRID         527            0.05 0.00866   0.075
GRID         528            0.05 0.00866   0.105
GRID         529            0.05 0.02134   0.065
GRID         530            0.05 0.02134   0.205
GRID         531            0.05 0.00866   0.265
GRID         532            0.05 0.02134   0.085
GRID         533            0.05 0.02134   0.145
GRID         534            0.05 0.02134   0.125
GRID         535            0.05 0.00866   0.125
GRID         536            0.05 0.02134   0.115
GRID         537            0.05 0.00866   0.045
GRID         538            0.05 0.00866   0.155
GRID         539            0.05 0.02134   0.055
GRID         540            0.05 0.02134   0.035
GRID         541            0.05 0.00866   0.025
GRID         542            0.05 0.00866   0.055
GRID         543            0.05 0.00866   0.085
GRID         544            0.050.021917 0.22533
GRID         545            0.05 0.02134   0.165
GRID         546            0.050.021562   0.415
GRID         547            0.05 0.02134   0.365
GRID         548            0.05 0.00866   0.175
GRID         549            0.05 0.02134   0.325
GRID         550            0.05 0.02134   0.275
GRID         551            0.05 0.00866   0.295
GRID         552            0.05 0.00866   0.355
GRID         553            0.05 0.02134   0.485
GRID         554            0.050.021559   0.385
GRID         555            0.05 0.00866   0.495
GRID         556            0.05 0.02134   0.495
GRID         557            0.05 0.00866   0.525
GRID         558            0.050.0075590.584637
GRID         559            0.050.0225760.584645
GRID         560            0.050.0076630.015292
GRID         561            0.050.0223370.015292
GRID         562            0.050.0226530.554884
GRID         563            0.050.0072260.392985
GRID         564            0.050.0073470.245116
GRID         565            0.050.0156120.569708
GRID         566            0.050.0144540.230239
GRID         567            0.050.0072260.407015
GRID         568            0.050.0226530.465116
GRID         569            0.050.0155460.450239
GRID         570            0.05   0.015    0.53
GRID         571            0.05   0.015    0.54
GRID         572            0.05   0.015    0.19
GRID         573            0.05   0.015    0.21
GRID         574            0.05   0.015    0.14
GRID         575            0.05   0.015    0.49
GRID         576            0.05   0.015    0.15
GRID         577            0.050.0147830.220131
GRID         578            0.05   0.015    0.48
GRID         579            0.05   0.015    0.18
GRID         580            0.05   0.015     0.2
GRID         581            0.05   0.015    0.11
GRID         582            0.05   0.015    0.04
GRID         583            0.05   0.015    0.09
GRID         584            0.05   0.015    0.03
GRID         585            0.05   0.015    0.17
GRID         586            0.05   0.015    0.12
GRID         587            0.05   0.015    0.05
GRID         588            0.05   0.015    0.06
GRID         589            0.05   0.015    0.13
GRID         590            0.05   0.015     0.5
GRID         591            0.05   0.015    0.08
GRID         592            0.05   0.015    0.07
GRID         593            0.05   0.015     0.3
GRID         594            0.05   0.015    0.16
GRID         595            0.05   0.015     0.1
GRID         596            0.05   0.015    0.27
GRID         597            0.05   0.015    0.32
GRID         598            0.05   0.015    0.38
GRID         599            0.05   0.015    0.52
GRID         600            0.05   0.015    0.34
GRID         601            0.05   0.015    0.43
GRID         602            0.05   0.015    0.31
GRID         603            0.05   0.015    0.33
GRID         604            0.05   0.015    0.36
GRID         605            0.05   0.015    0.51
GRID         606            0.05   0.015    0.26
GRID         607            0.05   0.015    0.29
GRID         608            0.05   0.015    0.28
GRID         609            0.05   0.015    0.42
GRID         610            0.05   0.015    0.37
GRID         611            0.050.0152170.440131
GRID         612            0.05   0.015    0.35
GRID         613            0.050.0227860.564766
GRID         614            0.050.014974    0.55
GRID         615            0.050.0072990.235196
GRID         616            0.050.0148150.410127
GRID         617            0.050.015026    0.25
GRID         618            0.050.0147250.389822
GRID         619            0.050.0227010.455196
GRID         620            0.050.014974    0.47
GRID         621            0.05   0.0150.019994
GRID         622            0.050.015068 0.57991
GRID         623            0.050.0073210.592679
GRID         624            0.050.0073210.007321
GRID         625            0.050.0226790.007321
GRID         626            0.050.0226790.592679
GRID         627         0.04134     0.0   0.525
GRID         628         0.00866     0.0   0.565
GRID         629         0.04183     0.0   0.545
GRID         630         0.00866     0.0   0.235
GRID         631        0.008248     0.00.505095
GRID         632         0.04134     0.0   0.145
GRID         633        0.008583     0.00.185133
GRID         634         0.00866     0.0   0.305
GRID         635         0.00866     0.0   0.365
GRID         636         0.04134     0.0   0.415
GRID         637         0.04134     0.0   0.115
GRID         638         0.04134     0.0   0.055
GRID         639        0.041417     0.00.095133
GRID         640         0.00866     0.0   0.255
GRID         641         0.04134     0.0   0.075
GRID         642         0.00866     0.0   0.165
GRID         643         0.04134     0.0   0.205
GRID         644         0.04134     0.0   0.035
GRID         645         0.00842     0.00.345133
GRID         646         0.00842     0.00.384867
GRID         647         0.00866     0.0   0.485
GRID         648        0.008248     0.00.275095
GRID         649         0.00866     0.0   0.325
GRID         650        0.008248     0.00.434905
GRID         651        0.008248     0.00.455095
GRID         652        0.008343     0.00.535266
GRID         653        0.041852     0.00.574699
GRID         654         0.04134     0.0   0.225
GRID         655        0.008248     0.00.134905
GRID         656         0.00866     0.0   0.215
GRID         657         0.04134     0.0   0.245
GRID         658         0.00866     0.0   0.105
GRID         659         0.00866     0.0   0.045
GRID         660         0.04134     0.0   0.175
GRID         661         0.00866     0.0   0.065
GRID         662        0.008583     0.00.084867
GRID         663         0.00866     0.0   0.405
GRID         664         0.04134     0.0   0.475
GRID         665         0.00866     0.0   0.025
GRID         666         0.04134     0.0   0.295
GRID         667         0.04158     0.00.375133
GRID         668         0.04158     0.00.354867
GRID         669         0.04134     0.0   0.315
GRID         670         0.04134     0.0   0.395
GRID         671         0.04134     0.0   0.265
GRID         672         0.04134     0.0   0.335
GRID         673         0.04134     0.0   0.445
GRID         674         0.04134     0.0   0.495
GRID         675        0.025483     0.00.591862
GRID         676        0.025483     0.00.008138
GRID         677        0.008468     0.00.584958
GRID         678        0.040405     0.00.015694
GRID         679        0.008628     0.00.574993
GRID         680        0.017315     0.00.569999
GRID         681         0.01732     0.0    0.56
GRID         682        0.025816     0.0   0.565
GRID         683        0.025876     0.00.555133
GRID         684        0.017226     0.00.550155
GRID         685        0.025217     0.00.545181
GRID         686        0.025903     0.00.575761
GRID         687        0.033942     0.00.560288
GRID         688        0.016452     0.00.580303
GRID         689         0.04134     0.0   0.435
GRID         690        0.032679     0.0    0.44
GRID         691        0.032679     0.0    0.45
GRID         692        0.032679     0.0    0.43
GRID         693        0.024019     0.0   0.445
GRID         694         0.02426     0.00.455133
GRID         695         0.03272     0.00.460022
GRID         696        0.024143     0.00.465159
GRID         697        0.032707     0.0 0.47003
GRID         698        0.024208     0.00.475032
GRID         699        0.016065     0.00.470298
GRID         700        0.032716     0.0 0.48001
GRID         701        0.024114     0.00.485002
GRID         702        0.032701     0.00.490002
GRID         703        0.024109     0.0   0.495
GRID         704        0.032698     0.0     0.5
GRID         705        0.024278     0.00.505133
GRID         706        0.032726     0.00.510022
GRID         707        0.024147     0.00.515159
GRID         708        0.032708     0.0 0.52003
GRID         709        0.024209     0.00.525032
GRID         710        0.016066     0.00.520298
GRID         711        0.032793     0.00.529877
GRID         712        0.024548     0.00.535011
GRID         713         0.04134     0.0   0.505
GRID         714         0.04134     0.0   0.405
GRID         715        0.032679     0.0     0.4
GRID         716        0.032756     0.00.390133
GRID         717        0.024019     0.0   0.395
GRID         718        0.024612     0.00.385016
GRID         719        0.024019     0.0   0.405
GRID         720        0.032679     0.0    0.41
GRID         721        0.024183     0.0   0.415
GRID         722        0.041352     0.00.515009
GRID         723        0.008543     0.00.374845
GRID         724        0.017224     0.00.369841
GRID         725        0.017228     0.00.360107
GRID         726        0.025981     0.0   0.365
GRID         727        0.025386     0.00.355013
GRID         728        0.025456     0.00.374983
GRID         729         0.04134     0.0   0.285
GRID         730        0.032679     0.0    0.29
GRID         731        0.032679     0.0    0.28
GRID         732        0.032679     0.0     0.3
GRID         733        0.024096     0.00.285133
GRID         734        0.024272     0.00.275155
GRID         735        0.032722     0.00.270026
GRID         736        0.024211     0.00.265015
GRID         737        0.032719     0.00.260007
GRID         738        0.024114     0.00.255001
GRID         739        0.032702     0.00.250001
GRID         740        0.024109     0.0   0.245
GRID         741        0.041457     0.00.344845
GRID         742        0.032776     0.00.339841
GRID         743        0.032696     0.00.329974
GRID         744        0.024019     0.0   0.335
GRID         745        0.024019     0.0   0.325
GRID         746        0.024544     0.00.344983
GRID         747        0.041351     0.00.465009
GRID         748        0.040478     0.00.584263
GRID         749        0.041517     0.00.534846
GRID         750        0.008527     0.00.394992
GRID         751        0.024196     0.00.295022
GRID         752        0.024112     0.00.305001
GRID         753        0.016055     0.00.290292
GRID         754         0.00866     0.0   0.315
GRID         755         0.04134     0.0   0.455
GRID         756        0.008527     0.00.335008
GRID         757         0.04134     0.0   0.185
GRID         758        0.032843     0.0    0.18
GRID         759        0.032707     0.0    0.17
GRID         760        0.032772     0.0    0.19
GRID         761        0.024454     0.00.175095
GRID         762        0.024225     0.00.165008
GRID         763        0.032718     0.00.160001
GRID         764        0.024115     0.0   0.155
GRID         765         0.04134     0.0   0.135
GRID         766        0.032679     0.0    0.14
GRID         767        0.032679     0.0    0.13
GRID         768         0.02426     0.00.134867
GRID         769        0.024136     0.00.124845
GRID         770         0.04134     0.0   0.215
GRID         771        0.032679     0.0    0.22
GRID         772        0.032679     0.0    0.23
GRID         773        0.024019     0.0   0.225
GRID         774        0.024019     0.0   0.215
GRID         775        0.032679     0.0    0.21
GRID         776        0.024432     0.00.204905
GRID         777         0.00866     0.0   0.245
GRID         778        0.008571     0.00.194889
GRID         779        0.016813     0.00.190004
GRID         780        0.032927     0.00.199984
GRID         781        0.041342     0.0   0.255
GRID         782         0.00866     0.0   0.155
GRID         783        0.008407     0.00.175155
GRID         784        0.008458     0.00.144992
GRID         785        0.032699     0.00.119974
GRID         786        0.024206     0.0 0.11497
GRID         787        0.016063     0.00.119703
GRID         788         0.04163     0.0   0.365
GRID         789         0.00866     0.0   0.225
GRID         790        0.008196     0.0   0.445
GRID         791        0.032714     0.00.109991
GRID         792        0.024114     0.00.104998
GRID         793        0.032791     0.00.100153
GRID         794        0.024628     0.00.095018
GRID         795        0.008647     0.00.074978
GRID         796        0.017318     0.00.069996
GRID         797         0.01732     0.00.059999
GRID         798        0.025981     0.0   0.065
GRID         799        0.025981     0.0   0.055
GRID         800        0.025981     0.0   0.075
GRID         801        0.041342     0.00.324996
GRID         802        0.008407     0.00.094845
GRID         803         0.04134     0.0   0.065
GRID         804        0.041343     0.00.124996
GRID         805         0.00866     0.0   0.035
GRID         806        0.017321     0.0    0.03
GRID         807        0.016503     0.00.019815
GRID         808        0.025811     0.00.024213
GRID         809        0.025626     0.00.034869
GRID         810        0.008487     0.00.015022
GRID         811         0.04134     0.0   0.045
GRID         812         0.00866     0.0   0.055
GRID         813        0.008458     0.00.265008
GRID         814        0.041359     0.00.105024
GRID         815        0.017261     0.00.039978
GRID         816        0.017311     0.00.049996
GRID         817        0.041619     0.00.025549
GRID         818        0.041396     0.00.194997
GRID         819        0.017228     0.0 0.07984
GRID         820        0.025458     0.00.084983
GRID         821        0.032702     0.0    0.15
GRID         822        0.024108     0.0   0.235
GRID         823        0.041593     0.00.085155
GRID         824        0.041347     0.0   0.155
GRID         825        0.032707     0.0    0.42
GRID         826        0.041352     0.0   0.165
GRID         827        0.025778     0.00.044987
GRID         828        0.024217     0.00.144989
GRID         829        0.024128     0.00.424867
GRID         830        0.016058     0.00.419712
GRID         831        0.024278     0.00.434845
GRID         832        0.041347     0.00.275004
GRID         833        0.008405     0.00.204848
GRID         834        0.008458     0.00.495008
GRID         835         0.04134     0.0   0.305
GRID         836        0.032688     0.0    0.24
GRID         837        0.032683     0.00.319995
GRID         838        0.041341     0.0   0.235
GRID         839        0.041349     0.00.485002
GRID         840        0.041469     0.00.385177
GRID         841        0.032695     0.00.309999
GRID         842        0.008528     0.00.355173
GRID         843        0.024109     0.0   0.315
GRID         844        0.041344     0.0   0.425
GRID         845        0.008515     0.00.545203
GRID         846         0.00866     0.0   0.555
GRID         847        0.015814     0.00.009401
GRID         848         0.03476     0.00.007952
GRID         849        0.034697     0.00.591921
GRID         850        0.015804     0.00.590613
GRID         851         0.03063     0.00.584282
GRID         852        0.030613     0.00.015685
GRID         853        0.033348     0.00.540119
GRID         854        0.041962     0.00.564998
GRID         855        0.016122     0.00.429888
GRID         856        0.016775     0.00.350277
GRID         857        0.033223     0.00.380281
GRID         858          0.0166     0.00.180065
GRID         859        0.008124     0.0 0.11495
GRID         860        0.016121     0.00.129887
GRID         861        0.016799     0.00.089719
GRID         862        0.016115     0.00.280113
GRID         863        0.033224     0.00.090281
GRID         864        0.033756     0.0 0.55012
GRID         865        0.008122     0.00.295049
GRID         866        0.016793     0.00.379719
GRID         867        0.033207     0.00.349718
GRID         868        0.016594     0.00.199941
GRID         869        0.008123     0.00.414952
GRID         870        0.008124     0.0 0.47505
GRID         871        0.016122     0.00.460114
GRID         872        0.008071     0.00.525094
GRID         873        0.016126     0.00.510114
GRID         874        0.016745     0.00.540325
GRID         875        0.016355     0.00.149997
GRID         876        0.016276     0.00.139939
GRID         877        0.016354     0.0    0.16
GRID         878         0.03366     0.0    0.06
GRID         879         0.03366     0.0    0.05
GRID         880         0.01645     0.00.170054
GRID         881         0.03366     0.0    0.04
GRID         882        0.016417     0.00.099964
GRID         883         0.01634     0.0    0.23
GRID         884        0.033728     0.00.030372
GRID         885         0.03366     0.0    0.07
GRID         886         0.01634     0.0    0.24
GRID         887        0.016437     0.00.340067
GRID         888         0.03363     0.00.080018
GRID         889        0.016334     0.00.330012
GRID         890         0.01634     0.0    0.32
GRID         891        0.016274     0.00.270064
GRID         892         0.01634     0.0    0.25
GRID         893         0.01634     0.0    0.31
GRID         894         0.01634     0.0    0.22
GRID         895        0.033574     0.00.359933
GRID         896        0.016452     0.00.389932
GRID         897        0.016343     0.00.260015
GRID         898        0.016408     0.00.209949
GRID         899          0.0162     0.0 0.43994
GRID         900        0.016336     0.00.399987
GRID         901        0.016174     0.00.450047
GRID         902        0.033574     0.00.370055
GRID         903        0.016337     0.00.490002
GRID         904        0.016259     0.00.500059
GRID         905        0.041915     0.00.555068
GRID         906        0.016341     0.0     0.3
GRID         907         0.00809     0.00.285091
GRID         908         0.02482     0.00.185019
GRID         909        0.016341     0.0    0.41
GRID         910        0.008093     0.00.124908
GRID         911        0.008092     0.00.424909
GRID         912        0.016341     0.0    0.11
GRID         913        0.024726     0.00.194976
GRID         914        0.008093     0.00.465093
GRID         915        0.033964     0.00.569691
GRID         916        0.016341     0.0    0.48
GRID         917        0.008085     0.0  0.5151
GRID         918        0.016336     0.00.530087
GRID         919        0.042679     0.00.592679
GRID         920        0.042679     0.00.007321
GRID         921        0.007321     0.00.007321
GRID         922        0.007321     0.00.592679
GRID         923        0.034377     0.00.577486
GRID         924        0.034343     0.00.022524
GRID         925        0.022845     0.0 0.01545
GRID         926        0.022906     0.00.584488
GRID         927         0.04134    0.03   0.525
GRID         928         0.00866    0.03   0.565
GRID         929         0.04183    0.03   0.545
GRID         930         0.00842    0.030.234867
GRID         931        0.008248    0.030.505095
GRID         932         0.04134    0.03   0.185
GRID         933         0.00866    0.03   0.145
GRID         934         0.00866    0.03   0.305
GRID         935         0.00866    0.03   0.365
GRID         936         0.04134    0.03   0.415
GRID         937         0.04134    0.03   0.115
GRID         938         0.00866    0.03   0.055
GRID         939         0.04134    0.03   0.095
GRID         940         0.00866    0.03   0.205
GRID         941         0.04134    0.03   0.075
GRID         942         0.00866    0.03   0.165
GRID         943         0.00866    0.03   0.255
GRID         944         0.04134    0.03   0.035
GRID         945         0.00842    0.030.345133
GRID         946         0.00842    0.030.384867
GRID         947         0.00866    0.03   0.485
GRID         948        0.008248    0.030.275095
GRID         949         0.00866    0.03   0.325
GRID         950        0.008248    0.030.434905
GRID         951        0.008248    0.030.455095
GRID         952        0.008343    0.030.535266
GRID         953        0.041852    0.030.574699
GRID         954         0.04158    0.030.225133
GRID         955         0.04134    0.03   0.135
GRID         956         0.04134    0.03   0.155
GRID         957         0.04134    0.03   0.245
GRID         958         0.00866    0.03   0.105
GRID         959         0.00866    0.03   0.125
GRID         960         0.00866    0.03   0.085
GRID         961         0.00866    0.03   0.405
GRID         962         0.04134    0.03   0.475
GRID         963         0.00866    0.03   0.025
GRID         964         0.04134    0.03   0.295
GRID         965         0.04158    0.030.375133
GRID         966         0.04158    0.030.354867
GRID         967         0.04134    0.03   0.315
GRID         968         0.04134    0.03   0.395
GRID         969         0.04134    0.03   0.265
GRID         970         0.04134    0.03   0.335
GRID         971         0.04134    0.03   0.445
GRID         972         0.04134    0.03   0.495
GRID         973         0.00866    0.03   0.185
GRID         974         0.04134    0.03   0.055
GRID         975         0.04134    0.03   0.205
GRID         976        0.025483    0.030.591862
GRID         977        0.025483    0.030.008138
GRID         978        0.008468    0.030.584958
GRID         979        0.040405    0.030.015694
GRID         980        0.008628    0.030.574993
GRID         981        0.017315    0.030.569999
GRID         982         0.01732    0.03    0.56
GRID         983        0.025816    0.03   0.565
GRID         984        0.025876    0.030.555133
GRID         985        0.017226    0.030.550155
GRID         986        0.025217    0.030.545181
GRID         987        0.025903    0.030.575761
GRID         988        0.033942    0.030.560288
GRID         989        0.016452    0.030.580303
GRID         990         0.04134    0.03   0.435
GRID         991        0.032679    0.03    0.44
GRID         992        0.032679    0.03    0.45
GRID         993        0.032679    0.03    0.43
GRID         994        0.024019    0.03   0.445
GRID         995         0.02426    0.030.455133
GRID         996         0.03272    0.030.460022
GRID         997        0.024143    0.030.465159
GRID         998        0.032707    0.03 0.47003
GRID         999        0.024208    0.030.475032
GRID        1000        0.016065    0.030.470298
GRID        1001        0.032716    0.03 0.48001
GRID        1002        0.024114    0.030.485002
GRID        1003        0.032701    0.030.490002
GRID        1004        0.024109    0.03   0.495
GRID        1005        0.032698    0.03     0.5
GRID        1006        0.024278    0.030.505133
GRID        1007        0.032726    0.030.510022
GRID        1008        0.024147    0.030.515159
GRID        1009        0.032708    0.03 0.52003
GRID        1010        0.024209    0.030.525032
GRID        1011        0.016066    0.030.520298
GRID        1012        0.032793    0.030.529877
GRID        1013        0.024548    0.030.535011
GRID        1014         0.04134    0.03   0.505
GRID        1015         0.04134    0.03   0.405
GRID        1016        0.032679    0.03     0.4
GRID        1017        0.032756    0.030.390133
GRID        1018        0.024019    0.03   0.395
GRID        1019        0.024612    0.030.385016
GRID        1020        0.024019    0.03   0.405
GRID        1021        0.032679    0.03    0.41
GRID        1022        0.024183    0.03   0.415
GRID        1023        0.041352    0.030.515009
GRID        1024        0.008543    0.030.374845
GRID        1025        0.017224    0.030.369841
GRID        1026        0.017228    0.030.360107
GRID        1027        0.025981    0.03   0.365
GRID        1028        0.025386    0.030.355013
GRID        1029        0.025456    0.030.374983
GRID        1030         0.04134    0.03   0.285
GRID        1031        0.032679    0.03    0.29
GRID        1032        0.032679    0.03    0.28
GRID        1033        0.032679    0.03     0.3
GRID        1034        0.024096    0.030.285133
GRID        1035        0.024272    0.030.275155
GRID        1036        0.032722    0.030.270026
GRID        1037        0.024211    0.030.265015
GRID        1038        0.032719    0.030.260007
GRID        1039        0.024114    0.030.255001
GRID        1040        0.032702    0.030.250001
GRID        1041        0.024109    0.03   0.245
GRID        1042        0.041457    0.030.344845
GRID        1043        0.032776    0.030.339841
GRID        1044        0.032696    0.030.329974
GRID        1045        0.024019    0.03   0.335
GRID        1046        0.024019    0.03   0.325
GRID        1047        0.024544    0.030.344983
GRID        1048        0.041351    0.030.465009
GRID        1049        0.040478    0.030.584263
GRID        1050        0.041517    0.030.534846
GRID        1051        0.008527    0.030.394992
GRID        1052        0.024196    0.030.295022
GRID        1053        0.024112    0.030.305001
GRID        1054        0.016055    0.030.290292
GRID        1055         0.00866    0.03   0.315
GRID        1056         0.04134    0.03   0.455
GRID        1057         0.00866    0.03   0.195
GRID        1058        0.017321    0.03    0.19
GRID        1059        0.017321    0.03    0.18
GRID        1060        0.025981    0.03   0.185
GRID        1061        0.025981    0.03   0.175
GRID        1062        0.025981    0.03   0.195
GRID        1063        0.017321    0.03     0.2
GRID        1064        0.017321    0.03    0.21
GRID        1065        0.025981    0.03   0.205
GRID        1066        0.025981    0.03   0.215
GRID        1067        0.017244    0.030.219867
GRID        1068        0.025388    0.030.224984
GRID        1069        0.008527    0.030.335008
GRID        1070         0.00866    0.03   0.135
GRID        1071        0.017321    0.03    0.14
GRID        1072        0.017321    0.03    0.15
GRID        1073        0.025981    0.03   0.145
GRID        1074        0.025981    0.03   0.155
GRID        1075        0.025981    0.03   0.135
GRID        1076        0.017321    0.03    0.13
GRID        1077        0.017321    0.03    0.12
GRID        1078        0.025981    0.03   0.125
GRID        1079        0.025981    0.03   0.115
GRID        1080        0.017321    0.03    0.11
GRID        1081        0.025981    0.03   0.105
GRID        1082        0.017321    0.03     0.1
GRID        1083        0.025981    0.03   0.095
GRID        1084        0.017321    0.03    0.09
GRID        1085        0.025981    0.03   0.085
GRID        1086        0.017321    0.03    0.08
GRID        1087        0.025981    0.03   0.075
GRID        1088        0.017321    0.03    0.07
GRID        1089        0.025981    0.03   0.065
GRID        1090        0.017321    0.03    0.06
GRID        1091        0.025981    0.03   0.055
GRID        1092        0.017321    0.03    0.05
GRID        1093        0.025981    0.03   0.045
GRID        1094        0.017321    0.03    0.04
GRID        1095        0.025981    0.03   0.035
GRID        1096        0.017321    0.03    0.03
GRID        1097        0.025928    0.030.024239
GRID        1098        0.016494    0.030.019688
GRID        1099        0.008487    0.030.015017
GRID        1100         0.00866    0.03   0.075
GRID        1101        0.008527    0.030.244992
GRID        1102        0.041342    0.03   0.255
GRID        1103         0.04134    0.03   0.165
GRID        1104         0.04163    0.03   0.365
GRID        1105        0.008196    0.03   0.445
GRID        1106         0.04134    0.03   0.145
GRID        1107         0.04134    0.03   0.175
GRID        1108         0.04134    0.03   0.195
GRID        1109         0.04134    0.03   0.065
GRID        1110         0.04134    0.03   0.125
GRID        1111        0.041342    0.030.324996
GRID        1112         0.00866    0.03   0.035
GRID        1113         0.00866    0.03   0.045
GRID        1114         0.00866    0.03   0.095
GRID        1115         0.04134    0.03   0.045
GRID        1116         0.04134    0.03   0.105
GRID        1117        0.041473    0.030.215008
GRID        1118        0.041457    0.030.235155
GRID        1119        0.032795    0.030.240159
GRID        1120        0.024557    0.030.235017
GRID        1121        0.008458    0.030.265008
GRID        1122         0.00866    0.03   0.115
GRID        1123        0.041619    0.030.025549
GRID        1124         0.00866    0.03   0.155
GRID        1125         0.04134    0.03   0.085
GRID        1126        0.032707    0.03    0.42
GRID        1127         0.00866    0.03   0.065
GRID        1128        0.024128    0.030.424867
GRID        1129        0.016058    0.030.419712
GRID        1130        0.024278    0.030.434845
GRID        1131        0.041347    0.030.275004
GRID        1132        0.017321    0.03    0.16
GRID        1133        0.008458    0.030.495008
GRID        1134         0.04134    0.03   0.305
GRID        1135         0.00866    0.03   0.175
GRID        1136        0.032683    0.030.319995
GRID        1137        0.041349    0.030.485002
GRID        1138        0.041469    0.030.385177
GRID        1139        0.032695    0.030.309999
GRID        1140        0.008647    0.030.214978
GRID        1141        0.008528    0.030.355173
GRID        1142        0.017321    0.03    0.17
GRID        1143        0.024109    0.03   0.315
GRID        1144        0.025981    0.03   0.165
GRID        1145        0.008528    0.030.224819
GRID        1146        0.041344    0.03   0.425
GRID        1147        0.008515    0.030.545203
GRID        1148         0.00866    0.03   0.555
GRID        1149         0.03476    0.030.007952
GRID        1150        0.034697    0.030.591921
GRID        1151        0.015804    0.030.590613
GRID        1152        0.015813    0.030.009382
GRID        1153         0.03063    0.030.584282
GRID        1154        0.030632    0.03 0.01569
GRID        1155        0.033348    0.030.540119
GRID        1156        0.041962    0.030.564998
GRID        1157        0.016122    0.030.429888
GRID        1158        0.016775    0.030.350277
GRID        1159        0.033223    0.030.380281
GRID        1160        0.033211    0.030.230282
GRID        1161        0.016115    0.030.280113
GRID        1162        0.033756    0.03 0.55012
GRID        1163        0.016779    0.030.229719
GRID        1164        0.008122    0.030.295049
GRID        1165        0.016793    0.030.379719
GRID        1166        0.033207    0.030.349718
GRID        1167        0.008123    0.030.414952
GRID        1168        0.008124    0.03 0.47505
GRID        1169        0.016122    0.030.460114
GRID        1170        0.008071    0.030.525094
GRID        1171        0.016126    0.030.510114
GRID        1172        0.016745    0.030.540325
GRID        1173         0.03366    0.03    0.16
GRID        1174         0.03366    0.03     0.2
GRID        1175         0.03366    0.03    0.17
GRID        1176        0.033549    0.030.220068
GRID        1177         0.03366    0.03    0.15
GRID        1178         0.03366    0.03    0.14
GRID        1179        0.016437    0.030.340067
GRID        1180         0.03366    0.03    0.18
GRID        1181        0.016334    0.030.330012
GRID        1182         0.01634    0.03    0.32
GRID        1183         0.03366    0.03    0.12
GRID        1184         0.03366    0.03    0.13
GRID        1185         0.03366    0.03    0.11
GRID        1186        0.033664    0.030.210013
GRID        1187        0.016274    0.030.270064
GRID        1188        0.016348    0.030.249999
GRID        1189         0.03366    0.03     0.1
GRID        1190        0.016399    0.030.239965
GRID        1191         0.03366    0.03    0.09
GRID        1192         0.03366    0.03    0.19
GRID        1193         0.01634    0.03    0.31
GRID        1194         0.03366    0.03    0.08
GRID        1195         0.03366    0.03    0.07
GRID        1196         0.03366    0.03    0.06
GRID        1197         0.03366    0.03    0.05
GRID        1198         0.03366    0.03    0.04
GRID        1199        0.033574    0.030.359933
GRID        1200        0.033806    0.030.030399
GRID        1201        0.016452    0.030.389932
GRID        1202        0.016344    0.030.260015
GRID        1203          0.0162    0.03 0.43994
GRID        1204        0.016336    0.030.399987
GRID        1205        0.016174    0.030.450047
GRID        1206        0.033574    0.030.370055
GRID        1207        0.016337    0.030.490002
GRID        1208        0.016259    0.030.500059
GRID        1209        0.041915    0.030.555068
GRID        1210        0.016341    0.03     0.3
GRID        1211         0.00809    0.030.285091
GRID        1212        0.016341    0.03    0.41
GRID        1213        0.008092    0.030.424909
GRID        1214        0.008093    0.030.465093
GRID        1215        0.033964    0.030.569691
GRID        1216        0.016341    0.03    0.48
GRID        1217        0.008085    0.03  0.5151
GRID        1218        0.016336    0.030.530087
GRID        1219        0.042679    0.030.592679
GRID        1220        0.042679    0.030.007321
GRID        1221        0.007321    0.030.007321
GRID        1222        0.007321    0.030.592679
GRID        1223        0.034377    0.030.577486
GRID        1224        0.034355    0.030.022527
GRID        1225        0.022906    0.030.015512
GRID        1226        0.022906    0.030.584488
GRID        1227           0.0250.008344     0.0
GRID        1228        0.009382   0.015     0.0
GRID        1229        0.040618   0.015     0.0
GRID        1230           0.0250.021656     0.0
GRID        1231        0.0152920.007611     0.0
GRID        1232        0.0152920.022389     0.0
GRID        1233        0.0347080.007611     0.0
GRID        1234        0.0347080.022389     0.0
GRID        1235        0.020005   0.015     0.0
GRID        1236        0.029948   0.015     0.0
GRID        1237        0.0426790.007321     0.0
GRID        1238        0.0426790.022679     0.0
GRID        1239        0.0073210.007321     0.0
GRID        1240        0.0073210.022679     0.0
GRID        1241           0.0250.021656     0.6
GRID        1242        0.009382   0.015     0.6
GRID        1243        0.040618   0.015     0.6
GRID        1244           0.0250.008344     0.6
GRID        1245        0.0152920.007611     0.6
GRID        1246        0.0152920.022389     0.6
GRID        1247        0.0347080.007611     0.6
GRID        1248        0.0347080.022389     0.6
GRID        1249        0.029982   0.015     0.6
GRID        1250        0.020036   0.015     0.6
GRID        1251        0.0426790.007321     0.6
GRID        1252        0.0426790.022679     0.6
GRID        1253        0.0073210.007321     0.6
GRID        1254        0.0073210.022679     0.6
GRID        1255        0.0295930.0150020.020687
GRID        1256        0.029599   0.0150.579282
GRID        1257        0.026986   0.0150.480043
GRID        1258        0.029869   0.0150.424992
GRID        1259        0.023094   0.015    0.06
GRID        1260        0.029793   0.015   0.405
GRID        1261        0.026957   0.0150.300035
GRID        1262        0.026923   0.0150.320026
GRID        1263        0.020167   0.015 0.55505
GRID        1264        0.026951   0.0150.249999
GRID        1265        0.027015   0.0150.520077
GRID        1266        0.0231050.0150980.189982
GRID        1267         0.02025   0.0150.364975
GRID        1268        0.023007   0.015 0.07985
GRID        1269        0.027057   0.0150.339845
GRID        1270        0.029793   0.015   0.445
GRID        1271        0.026969   0.0150.280193
GRID        1272         0.023090.0151210.109994
GRID        1273        0.031448   0.015   0.045
GRID        1274        0.034848   0.015   0.495
GRID        1275        0.0230940.015122    0.16
GRID        1276        0.0269210.0149010.229975
GRID        1277        0.034851   0.015   0.265
GRID        1278        0.027337   0.0150.460764
GRID        1279        0.0230940.015125    0.21
GRID        1280        0.0314360.0150490.175018
GRID        1281        0.0348930.014944   0.145
GRID        1282        0.0155380.015001   0.045
GRID        1283        0.0348930.014944   0.125
GRID        1284        0.0151070.015056   0.145
GRID        1285        0.0151030.015061   0.175
GRID        1286        0.030253   0.0150.385077
GRID        1287        0.018662   0.0150.265056
GRID        1288        0.018585   0.0150.495048
GRID        1289        0.0190690.0149870.125301
GRID        1290        0.0151040.015059   0.095
GRID        1291        0.0313540.0150290.095145
GRID        1292         0.01752   0.0150.434949
GRID        1293        0.027582   0.0150.539918
GRID        1294        0.017451   0.0150.414892
GRID        1295        0.017506   0.0150.394973
GRID        1296        0.034958   0.015   0.355
GRID        1297        0.035185   0.0150.564643
GRID        1298        0.015169   0.0150.026501
GRID        1299        0.015081   0.0150.573605
GRID        1300        0.0349090.0149610.199401
GRID        1301        0.015055   0.0150.309282
GRID        1302        0.034945   0.015 0.06931
GRID        1303        0.015054   0.0150.330731
GRID        1304         0.01511   0.0150.349138
GRID        1305        0.015982   0.0150.450922
GRID        1306        0.015084   0.0150.379171
GRID        1307        0.015047   0.0150.531466
GRID        1308        0.015048   0.0150.289398
GRID        1309        0.015033   0.0150.510949
GRID        1310        0.015048   0.0150.469465
GRID        1311         0.015750.0150010.240004
GRID        1312        0.034941   0.0150.370746
GRID        1313        0.0354410.0143210.217981
GRID        1314        0.014575 0.015680.221993
GRID        1315          0.0359 0.01621 0.50909
GRID        1316         0.03616  0.01630.550812
GRID        1317         0.013710.0166690.199984
GRID        1318        0.0365380.0130550.162349
GRID        1319        0.0363040.0166810.310046
GRID        1320        0.0365370.0130560.107765
GRID        1321        0.0363450.013267 0.29012
GRID        1322        0.0363610.0132530.329872
GRID        1323        0.0136580.0132770.069884
GRID        1324        0.0365850.0167010.032381
GRID        1325        0.0363580.0166180.239964
GRID        1326        0.0367430.0169580.082725
GRID        1327        0.0365540.0169630.470575
GRID        1328        0.0131470.0170790.482764
GRID        1329         0.036480.0131420.529736
GRID        1330        0.0129620.0127240.253023
GRID        1331        0.0183420.0126140.013573
GRID        1332         0.018420.0174160.586466
GRID        1333        0.0124290.0168550.544382
GRID        1334        0.0125860.0125460.276593
GRID        1335        0.0374120.0125680.186597
GRID        1336        0.0374450.0174450.056544
GRID        1337        0.0250120.0170930.136737
GRID        1338        0.0376750.0124340.414966
GRID        1339        0.038061 0.016450.435028
GRID        1340        0.0377830.0176060.395218
GRID        1341        0.0379040.0121910.454337
GRID        1342        0.0116190.013684 0.11515
GRID        1343        0.0247460.0126520.034485
GRID        1344        0.0372250.0116560.011473
GRID        1345        0.0371890.0116850.588535
GRID        1346        0.0115940.018009 0.05639
GRID        1347        0.0384780.0124680.253509
GRID        1348         0.011560.0125980.156526
GRID        1349         0.011560.0125980.186526
GRID        1350        0.038454 0.012610.276511
GRID        1351        0.0115270.0126240.083507
GRID        1352        0.0384990.0126470.483536
GRID        1353        0.038504 0.012630.343514
GRID        1354        0.025208 0.012150.504875
GRID        1355        0.0115680.0111770.210667
GRID        1356        0.0117330.011513 0.42494
GRID        1357        0.0382290.0107080.229612
GRID        1358        0.0114960.0114780.562648
GRID        1359        0.0113470.0109610.320006
GRID        1360        0.0115910.0184090.134033
GRID        1361        0.0115360.0182920.404916
GRID        1362        0.0389060.0193780.539615
GRID        1363        0.0390250.0194810.520048
GRID        1364         0.010970.010813 0.52121
GRID        1365        0.0237420.0182510.566005
GRID        1366         0.010920.010749 0.35925
GRID        1367        0.0107950.0105470.299341
GRID        1368        0.0250240.0192680.149327
GRID        1369        0.0106270.0195350.369511
GRID        1370        0.0104520.0102860.459938
GRID        1371        0.0394130.0194930.299315
GRID        1372        0.0395190.0197980.380176
GRID        1373        0.0135070.0195790.105456
GRID        1374        0.0392630.0188750.574585
GRID        1375        0.0394510.0194970.320733
GRID        1376        0.0255690.0104330.350258
GRID        1377        0.0388410.018841   0.135
GRID        1378        0.0103490.0101460.339949
GRID        1379        0.0252450.0186220.375507
GRID        1380        0.0140160.0199780.164812
GRID        1381         0.030170.0201920.010473
GRID        1382        0.0394720.0194720.208734
GRID        1383        0.0269640.009735 0.31003
GRID        1384        0.030106 0.020190.589463
GRID        1385        0.0242420.010163 0.22008
GRID        1386        0.0269490.0097260.240013
GRID        1387        0.0194040.0197690.424914
GRID        1388        0.0297150.0097310.395032
GRID        1389         0.031780.0198970.115362
GRID        1390         0.024840.0199680.199985
GRID        1391        0.0230510.0203110.069925
GRID        1392        0.0106080.0195320.501613
GRID        1393        0.0270190.0202880.290114
GRID        1394        0.0269540.0203250.329936
GRID        1395        0.0294710.0200970.414998
GRID        1396        0.0251120.010115 0.53006
GRID        1397        0.0192590.0101570.404937
GRID        1398        0.0104360.0193560.017462
GRID        1399        0.0105120.0190040.035847
GRID        1400        0.0105070.0104330.231117
GRID        1401        0.0268520.009981 0.11912
GRID        1402        0.0400750.0200750.099881
GRID        1403        0.0288440.0101730.434992
GRID        1404        0.0400760.0200760.170187
GRID        1405        0.0232870.0202720.089612
GRID        1406        0.0249080.0100250.470362
GRID        1407        0.0103750.0193840.442322
GRID        1408        0.0104650.0106710.582708
GRID        1409        0.0267010.0203350.489738
GRID        1410        0.0232670.0203760.180254
GRID        1411        0.026739 0.009670.259692
GRID        1412        0.0267760.0202820.270452
GRID        1413        0.0400740.0099260.040358
GRID        1414        0.0394590.0197210.022164
GRID        1415        0.039988 0.00993 0.09057
GRID        1416        0.039983  0.01090.404315
GRID        1417        0.0234930.0203330.050396
GRID        1418        0.0232720.0099160.169702
GRID        1419        0.0103890.0103680.387977
GRID        1420        0.0099560.0099190.490487
GRID        1421        0.0231730.0098930.100348
GRID        1422        0.0099840.0200530.260629
GRID        1423        0.0304930.0100440.153739
GRID        1424        0.0268680.0093690.490002
GRID        1425        0.0328610.009705   0.135
GRID        1426        0.0272120.0205740.259549
GRID        1427        0.0254540.009676    0.07
GRID        1428        0.0245530.009683    0.33
GRID        1429        0.0218890.0095010.199472
GRID        1430         0.023460.0094090.050042
GRID        1431        0.0393470.0193470.153912
GRID        1432        0.0245280.0096910.290074
GRID        1433        0.024512 0.02034    0.31
GRID        1434        0.0273430.009429 0.27054
GRID        1435        0.026216 0.010180.588334
GRID        1436        0.0395120.0195130.422965
GRID        1437        0.0296390.0100280.556774
GRID        1438          0.02260.0094390.089518
GRID        1439        0.0262450.0205570.240094
GRID        1440        0.022637 0.009580.180495
GRID        1441        0.0226930.019512 0.35543
GRID        1442        0.0229890.0206940.100402
GRID        1443        0.0102680.0193210.555319
GRID        1444        0.0396260.0193750.446388
GRID        1445        0.039706 0.010390.387444
GRID        1446        0.0295570.0099570.362867
GRID        1447        0.0171080.0192840.299076
GRID        1448        0.026451 0.02069 0.47008
GRID        1449        0.0175880.0094630.134891
GRID        1450         0.020280.0095780.545723
GRID        1451        0.0274680.0206250.529284
GRID        1452        0.0269450.0205680.220067
GRID        1453         0.039040.0092530.578575
GRID        1454        0.0173790.0194370.521934
GRID        1455         0.037710.0096940.024666
GRID        1456         0.023590.0206140.169557
GRID        1457        0.0371720.0094470.302218
GRID        1458        0.0372210.0094430.317861
GRID        1459        0.009585 0.020490.419577
GRID        1460        0.0380810.0207760.460704
GRID        1461        0.0368760.0094160.517253
GRID        1462        0.0142410.0090550.035277
GRID        1463        0.0279490.0092230.570267
GRID        1464        0.0097430.0205450.430229
GRID        1465        0.0115080.0089560.369957
GRID        1466        0.0174360.0195380.318579
GRID        1467        0.0210240.0200950.386347
GRID        1468        0.0108460.0208530.340096
GRID        1469        0.0275050.0200460.395974
GRID        1470        0.0100630.0091750.410066
GRID        1471        0.0092670.0092240.019999
GRID        1472        0.0105750.0209220.460131
GRID        1473        0.0101920.0208160.389911
GRID        1474        0.032458 0.010460.208625
GRID        1475        0.0102890.0102890.166872
GRID        1476        0.0265040.0205470.511123
GRID        1477         0.010330.0090640.439963
GRID        1478        0.0365910.0207030.226399
GRID        1479        0.038165  0.02050.408224
GRID        1480        0.0101120.0099710.127529
GRID        1481        0.0301880.0205010.363081
GRID        1482        0.0117680.0095230.551865
GRID        1483        0.0275850.0098490.416152
GRID        1484        0.0374140.0093980.542864
GRID        1485        0.0368110.0207970.282845
GRID        1486        0.0131840.0207990.077164
GRID        1487        0.0098820.0208620.229858
GRID        1488        0.0092660.020745 0.58014
GRID        1489        0.0207510.0096190.386582
GRID        1490        0.0368960.0207690.337135
GRID        1491        0.0139370.0090810.105293
GRID        1492        0.0405460.0205460.180617
GRID        1493         0.029710.0206520.557777
GRID        1494        0.0398930.0101070.117207
GRID        1495        0.0111680.009109 0.50085
GRID        1496        0.0397850.0097640.171693
GRID        1497        0.0387530.0099080.426942
GRID        1498        0.0230760.0213140.040031
GRID        1499        0.0397860.0202630.041634
GRID        1500         0.028520.0205470.436232
GRID        1501        0.0209040.0201780.443335
GRID        1502        0.0399570.0103870.362879
GRID        1503        0.0209770.0206540.019561
GRID        1504        0.0269990.0212630.500124
GRID        1505        0.0405680.009432 0.05072
GRID        1506        0.0119270.0210940.359317
GRID        1507        0.0208150.0097660.443327
GRID        1508        0.0101310.019869 0.12334
GRID        1509        0.0361620.0089270.464027
GRID        1510        0.0103560.0090980.399675
GRID        1511        0.0384340.0097080.442876
GRID        1512        0.0203440.0093590.151863
GRID        1513        0.0134080.0210080.213228
GRID        1514        0.0094760.0206180.270937
GRID        1515        0.0401530.0098470.502183
GRID        1516        0.0100460.0098990.262521
GRID        1517        0.0138650.0211180.565405
GRID        1518        0.0273620.0098580.009773
GRID        1519        0.0120170.0087540.060814
GRID        1520        0.0214310.0093170.373443
GRID        1521        0.0310930.0094130.056876
GRID        1522        0.0213220.0203510.407077
GRID        1523         0.031110.0206210.186815
GRID        1524        0.0215010.009585 0.42725
GRID        1525         0.018940.0206010.277084
GRID        1526        0.021829  0.02040.546482
GRID        1527        0.0216290.0086970.579388
GRID        1528        0.0297630.0204860.348071
GRID        1529         0.040240.0097640.557496
GRID        1530        0.0277330.0209470.028997
GRID        1531        0.0192080.0207740.253246
GRID        1532        0.0404760.0095230.151545
GRID        1533          0.00980.0203210.282513
GRID        1534         0.009910.0200490.246643
GRID        1535        0.0405980.0205980.501227
GRID        1536        0.0411660.021166    0.12
GRID        1537        0.0411690.021168    0.49
GRID        1538         0.04117 0.02117    0.26
GRID        1539        0.0404410.0204760.361603
GRID        1540        0.0184960.009753 0.47822
GRID        1541        0.0167040.021201   0.155
GRID        1542        0.0411050.0211070.270139
GRID        1543        0.009434 0.009350.050942
GRID        1544        0.0088360.0088320.139998
GRID        1545         0.04023 0.020230.192587
GRID        1546        0.0402560.0097440.062482
GRID        1547          0.0088  0.0212    0.09
GRID        1548        0.0407310.0208140.349048
GRID        1549        0.0087990.021201    0.18
GRID        1550         0.009510.0205150.491582
GRID        1551        0.037755 0.02135 0.24877
GRID        1552        0.0253460.009683 0.45238
GRID        1553        0.0262650.0098230.143667
GRID        1554        0.031227 0.020570.453296
GRID        1555         0.021890.0212520.117915
GRID        1556        0.0316290.0085460.085046
GRID        1557        0.0400860.0099140.076334
GRID        1558        0.0122750.0214180.191261
GRID        1559        0.0211660.0088080.562884
GRID        1560        0.0408670.0206350.558562
GRID        1561        0.009571 0.009620.537985
GRID        1562        0.0402930.0097110.377424
CTETRA        43       1    1185    1402    1320    1442
CTETRA        44       1    1311    1439    1276    1487
CTETRA        45       1    1257    1327     700    1406
CTETRA        46       1     700    1327    1257    1352
CTETRA        47       1     892    1330    1264    1386
CTETRA        48       1     892    1311    1330    1386
CTETRA        49       1    1265    1309     707    1364
CTETRA        50       1    1185    1320    1389    1442
CTETRA        51       1    1194    1302    1326    1391
CTETRA        52       1     962    1001    1327    1352
CTETRA        53       1     752    1301    1261    1367
CTETRA        54       1     697     700    1327    1406
CTETRA        55       1     700     664    1327    1352
CTETRA        56       1     520     632     454    1425
CTETRA        57       1     632    1281     454    1425
CTETRA        58       1     752    1261    1301    1383
CTETRA        59       1     995    1305    1278    1472
CTETRA        60       1     535     765     520    1425
CTETRA        61       1     520     765     632    1425
CTETRA        62       1     535    1283     804    1425
CTETRA        63       1     752    1261     906    1367
CTETRA        64       1     535     804     765    1425
CTETRA        65       1    1259    1302    1196    1391
CTETRA        66       1     697     700     664    1327
CTETRA        67       1    1078    1289    1283    1337
CTETRA        68       1     647     870    1328    1540
CTETRA        69       1     892    1264     740    1386
CTETRA        70       1    1264    1330    1311    1386
CTETRA        71       1     520     454    1281    1425
CTETRA        72       1     535     520    1283    1425
CTETRA        73       1     657    1325     739    1347
CTETRA        74       1    1089    1259    1196    1391
CTETRA        75       1     739     657     836    1325
CTETRA        76       1    1222    1332     447    1488
CTETRA        77       1    1259    1196    1302    1336
CTETRA        78       1     962    1137    1001    1352
CTETRA        79       1    1163    1276    1439    1487
CTETRA        80       1     870     324    1328    1540
CTETRA        81       1    1189    1402    1185    1442
CTETRA        82       1    1088    1323    1346    1391
CTETRA        83       1    1088    1323    1127    1346
CTETRA        84       1     739    1325     836    1386
CTETRA        85       1     760    1300    1266    1429
CTETRA        86       1    1088    1346    1090    1391
CTETRA        87       1     477    1137     962    1352
CTETRA        88       1     739    1347    1325    1386
CTETRA        89       1     921    1331     445    1471
CTETRA        90       1     625     561    1220    1344
CTETRA        91       1     477     553    1137    1352
CTETRA        92       1    1269    1304    1047    1468
CTETRA        93       1    1088    1127    1090    1346
CTETRA        94       1     814    1320     528    1415
CTETRA        95       1    1275    1318    1173    1456
CTETRA        96       1     995    1278    1169    1472
CTETRA        97       1     710    1265     707    1364
CTETRA        98       1     760    1266    1300    1335
CTETRA        99       1    1222    1254     447    1332
CTETRA       100       1     447    1332     286    1488
CTETRA       101       1     526     939    1326    1402
CTETRA       102       1    1137    1352     553    1537
CTETRA       103       1     477     962    1327    1352
CTETRA       104       1     559     626    1219    1345
CTETRA       105       1     445     921    1239    1331
CTETRA       106       1    1125     532     939    1326
CTETRA       107       1     526     939     532    1326
CTETRA       108       1     445    1331     294    1471
CTETRA       109       1     822    1386    1276    1400
CTETRA       110       1    1318    1404    1173    1456
CTETRA       111       1    1254     286     447    1332
CTETRA       112       1     808    1298    1255    1331
CTETRA       113       1     445    1239     294    1331
CTETRA       114       1    1286    1520    1312    1562
CTETRA       115       1     987    1299    1256    1332
CTETRA       116       1     574     520     454    1281
CTETRA       117       1     589     535     520    1283
CTETRA       118       1    1232    1230    1152    1331
CTETRA       119       1     354     398    1284    1541
CTETRA       120       1     822    1276     883    1400
CTETRA       121       1     354     307     398    1541
CTETRA       122       1    1269    1045    1394    1468
CTETRA       123       1    1013    1307    1293    1526
CTETRA       124       1    1152    1331    1230    1381
CTETRA       125       1    1286     857    1520    1562
CTETRA       126       1    1173    1318    1275    1431
CTETRA       127       1     293     651    1305    1370
CTETRA       128       1    1269     887    1376    1378
CTETRA       129       1     520    1281     574    1425
CTETRA       130       1     589    1283     520    1425
CTETRA       131       1     933     354    1284    1541
CTETRA       132       1     854     450    1297    1453
CTETRA       133       1     369     949    1303    1466
CTETRA       134       1    1078    1283    1184    1337
CTETRA       135       1    1179    1269    1047    1468
CTETRA       136       1     639     814     528    1415
CTETRA       137       1    1254    1242     286    1332
CTETRA       138       1    1050     927     496    1329
CTETRA       139       1     294    1239    1228    1331
CTETRA       140       1     657     615     838    1325
CTETRA       141       1    1169    1278     997    1448
CTETRA       142       1     510    1050     496    1329
CTETRA       143       1     651     344     293    1305
CTETRA       144       1    1257    1328    1216    1448
CTETRA       145       1     564     615     657    1325
CTETRA       146       1     343     833     778    1317
CTETRA       147       1    1124     307     933    1541
CTETRA       148       1     933     307     354    1541
CTETRA       149       1    1269    1394    1303    1468
CTETRA       150       1    1278    1370     871    1406
CTETRA       151       1     790     344     651    1305
CTETRA       152       1     833     343     281    1317
CTETRA       153       1     384    1311     777    1400
CTETRA       154       1    1220     561     979    1344
CTETRA       155       1     528    1320     595    1415
CTETRA       156       1    1189    1185    1081    1442
CTETRA       157       1    1013    1172    1307    1526
CTETRA       158       1     369    1303    1359    1466
CTETRA       159       1    1276    1386    1311    1400
CTETRA       160       1    1269    1376    1304    1378
CTETRA       161       1     458     639     528    1415
CTETRA       162       1    1293    1307    1013    1451
CTETRA       163       1    1175    1173    1404    1456
CTETRA       164       1     999    1257    1216    1448
CTETRA       165       1    1262     843    1359    1383
CTETRA       166       1     913     760    1266    1429
CTETRA       167       1    1047    1304    1269    1528
CTETRA       168       1    1257    1327    1001    1352
CTETRA       169       1     345     789     656    1314
CTETRA       170       1    1303    1394    1045    1468
CTETRA       171       1    1078    1283    1289    1555
CTETRA       172       1     559    1219    1049    1345
CTETRA       173       1     778    1349    1317    1429
CTETRA       174       1     769    1425    1289    1449
CTETRA       175       1    1001    1352    1137    1537
CTETRA       176       1    1185    1389    1081    1442
CTETRA       177       1     822    1311    1386    1400
CTETRA       178       1     707    1309    1265    1354
CTETRA       179       1    1289     769    1401    1425
CTETRA       180       1    1045    1269    1179    1468
CTETRA       181       1     345     300     789    1314
CTETRA       182       1    1281    1377     574    1425
CTETRA       183       1     589    1377    1283    1425
CTETRA       184       1     808    1255    1298    1343
CTETRA       185       1    1116    1320     937    1389
CTETRA       186       1     559    1345    1049    1374
CTETRA       187       1     790     344    1305    1477
CTETRA       188       1     273     754     634    1301
CTETRA       189       1    1055     329     934    1301
CTETRA       190       1    1055     311     329    1301
CTETRA       191       1     754     273     340    1301
CTETRA       192       1     529     485     941    1302
CTETRA       193       1     529     941    1109    1302
CTETRA       194       1    1310    1328     324    1540
CTETRA       195       1     649     292     337    1303
CTETRA       196       1     369     949     313    1303
CTETRA       197       1     330    1309    1217    1454
CTETRA       198       1     521     818     643    1300
CTETRA       199       1    1214    1168     298    1310
CTETRA       200       1     521     643     460    1300
CTETRA       201       1    1152    1230     977    1381
CTETRA       202       1    1217     317     330    1454
CTETRA       203       1    1268    1326    1302    1391
CTETRA       204       1     865     907     371    1308
CTETRA       205       1     808     807    1298    1331
CTETRA       206       1    1238    1344    1220    1381
CTETRA       207       1     298     390    1214    1310
CTETRA       208       1    1001    1409    1352    1537
CTETRA       209       1     336     371     907    1308
CTETRA       210       1     458     528     595    1415
CTETRA       211       1    1219    1345    1252    1384
CTETRA       212       1    1001    1257    1352    1409
CTETRA       213       1     520     574    1377    1425
CTETRA       214       1     589     520    1377    1425
CTETRA       215       1     369     311     949    1466
CTETRA       216       1     311    1055     949    1466
CTETRA       217       1     890    1262     843    1359
CTETRA       218       1    1050    1329     510    1362
CTETRA       219       1     987     989    1299    1332
CTETRA       220       1     384     777    1311    1330
CTETRA       221       1     332     317    1170    1307
CTETRA       222       1     937    1389    1320    1536
CTETRA       223       1     883    1276    1385    1400
CTETRA       224       1     649     337     756    1303
CTETRA       225       1     949    1069     313    1303
CTETRA       226       1     316     331     945    1304
CTETRA       227       1     372     645     287    1304
CTETRA       228       1     269     631     319    1309
CTETRA       229       1     643     770     523    1474
CTETRA       230       1     945    1141     316    1304
CTETRA       231       1     372     842     645    1304
CTETRA       232       1    1276    1314    1163    1452
CTETRA       233       1     269     917     631    1309
CTETRA       234       1     643     523     460    1474
CTETRA       235       1     526    1326     583    1402
CTETRA       236       1     310     946     374    1306
CTETRA       237       1     893    1359     843    1383
CTETRA       238       1     862    1271    1334    1432
CTETRA       239       1     893    1301    1359    1383
CTETRA       240       1     631     319    1309    1495
CTETRA       241       1    1269     887    1378    1428
CTETRA       242       1    1215    1256    1365    1374
CTETRA       243       1    1049    1345    1219    1384
CTETRA       244       1    1024     946     310    1306
CTETRA       245       1     707    1354    1265    1461
CTETRA       246       1    1186    1382    1279    1390
CTETRA       247       1    1278     871    1370    1552
CTETRA       248       1    1220    1344     979    1381
CTETRA       249       1     434     384     777    1400
CTETRA       250       1     496    1329     927    1363
CTETRA       251       1     372     842    1304    1366
CTETRA       252       1     987    1256    1299    1365
CTETRA       253       1    1163    1314    1276    1487
CTETRA       254       1     979    1344     561    1414
CTETRA       255       1     330    1364    1309    1454
CTETRA       256       1     656     345    1314    1355
CTETRA       257       1     870    1310     324    1540
CTETRA       258       1    1238     625    1220    1344
CTETRA       259       1     317    1217    1170    1454
CTETRA       260       1     778     779    1349    1429
CTETRA       261       1     332    1170     952    1307
CTETRA       262       1    1304    1376     887    1378
CTETRA       263       1     626    1252    1219    1345
CTETRA       264       1     398    1348    1284    1541
CTETRA       265       1     657     564    1325    1347
CTETRA       266       1     696    1278     871    1406
CTETRA       267       1     316    1304    1141    1506
CTETRA       268       1    1320    1402     595    1415
CTETRA       269       1     317     418     330    1454
CTETRA       270       1     343    1317     778    1349
CTETRA       271       1    1265    1364     710    1396
CTETRA       272       1    1331    1381    1152    1503
CTETRA       273       1     939    1191    1326    1402
CTETRA       274       1    1049    1374    1345    1384
CTETRA       275       1    1144    1275    1173    1456
CTETRA       276       1     369     416     311    1466
CTETRA       277       1     865    1308     371    1367
CTETRA       278       1    1235    1230    1232    1331
CTETRA       279       1     485     941    1302    1326
CTETRA       280       1     746    1269     887    1376
CTETRA       281       1     906    1367    1261    1432
CTETRA       282       1    1279    1382    1186    1452
CTETRA       283       1    1006    1476    1392    1504
CTETRA       284       1     526     532     583    1326
CTETRA       285       1     298    1310    1168    1328
CTETRA       286       1     573     460     523    1474
CTETRA       287       1     706    1354     707    1461
CTETRA       288       1     398     307    1348    1541
CTETRA       289       1     339    1311     384    1400
CTETRA       290       1     502    1327     664    1352
CTETRA       291       1     793    1291    1320    1415
CTETRA       292       1     329     341    1164    1447
CTETRA       293       1     418    1364     330    1454
CTETRA       294       1     434     777     630    1400
CTETRA       295       1    1163    1276    1120    1439
CTETRA       296       1     329    1164     934    1447
CTETRA       297       1     725    1366    1267    1376
CTETRA       298       1    1332    1408     286    1488
CTETRA       299       1     369    1359     416    1466
CTETRA       300       1     709    1265     710    1396
CTETRA       301       1     583    1402    1326    1415
CTETRA       302       1     565    1297     450    1453
CTETRA       303       1    1127    1323     355    1346
CTETRA       304       1    1171    1392    1006    1476
CTETRA       305       1    1217    1309     330    1392
CTETRA       306       1     995    1278    1305    1554
CTETRA       307       1    1232    1228    1331    1398
CTETRA       308       1     437    1282    1113    1346
CTETRA       309       1    1171    1309    1392    1476
CTETRA       310       1     890    1262    1359    1428
CTETRA       311       1    1266    1335     760    1440
CTETRA       312       1    1222    1246    1254    1332
CTETRA       313       1    1392    1476    1309    1504
CTETRA       314       1     854     498     450    1453
CTETRA       315       1     355    1323    1127    1486
CTETRA       316       1     294    1331    1398    1471
CTETRA       317       1    1223    1256    1215    1374
CTETRA       318       1     697    1327     664    1509
CTETRA       319       1     921    1231    1239    1331
CTETRA       320       1    1313    1382     523    1474
CTETRA       321       1     384    1330    1311    1534
CTETRA       322       1     946     374    1306    1473
CTETRA       323       1    1065    1186    1279    1390
CTETRA       324       1     531    1277     671    1350
CTETRA       325       1     573     523    1382    1474
CTETRA       326       1     324    1310     400    1328
CTETRA       327       1     329     934    1301    1447
CTETRA       328       1     725    1376    1267    1446
CTETRA       329       1    1116    1185    1320    1389
CTETRA       330       1     893     890     843    1359
CTETRA       331       1    1310    1370    1278    1406
CTETRA       332       1     674    1274     555    1352
CTETRA       333       1     908    1266     760    1440
CTETRA       334       1    1116     937    1185    1389
CTETRA       335       1     838     836     657    1325
CTETRA       336       1    1170    1307     317    1454
CTETRA       337       1     808    1255     925    1331
CTETRA       338       1     868     778     833    1317
CTETRA       339       1     671    1277     531    1347
CTETRA       340       1    1196    1259    1091    1336
CTETRA       341       1    1242    1332    1245    1408
CTETRA       342       1     912    1272    1342    1401
CTETRA       343       1    1291    1326    1191    1402
CTETRA       344       1    1012     927    1050    1329
CTETRA       345       1    1215    1256     987    1365
CTETRA       346       1     434     339     384    1400
CTETRA       347       1     862    1334    1308    1432
CTETRA       348       1     416    1359     311    1466
CTETRA       349       1     317    1364     418    1454
CTETRA       350       1     286    1332    1242    1408
CTETRA       351       1     952     332    1307    1333
CTETRA       352       1     564     517     615    1325
CTETRA       353       1    1068    1276    1163    1452
CTETRA       354       1     368     783    1285    1349
CTETRA       355       1     838    1325     615    1357
CTETRA       356       1     862    1271     734    1334
CTETRA       357       1    1194    1302     941    1326
CTETRA       358       1     915     854    1297    1453
CTETRA       359       1     341    1308    1164    1447
CTETRA       360       1     664    1327     502    1509
CTETRA       361       1     460    1300     643    1474
CTETRA       362       1    1055     311    1301    1466
CTETRA       363       1    1125     939    1191    1326
CTETRA       364       1     279    1290     802    1351
CTETRA       365       1     987    1256    1226    1332
CTETRA       366       1    1214    1310     390    1472
CTETRA       367       1     862     733    1271    1432
CTETRA       368       1    1228     294    1331    1398
CTETRA       369       1     770    1313     523    1474
CTETRA       370       1     498     854     653    1453
CTETRA       371       1    1194    1195     941    1302
CTETRA       372       1     320    1299     679    1358
CTETRA       373       1     573    1382     460    1474
CTETRA       374       1     668    1296     552    1353
CTETRA       375       1     329     411     341    1447
CTETRA       376       1     890     745    1262    1428
CTETRA       377       1     669     518    1457    1458
CTETRA       378       1     723    1306     328    1419
CTETRA       379       1     685    1450    1437    1484
CTETRA       380       1     965     489    1312    1539
CTETRA       381       1     452     835     669    1457
CTETRA       382       1     452     669     518    1457
CTETRA       383       1    1262    1359    1301    1383
CTETRA       384       1     912     786    1272    1401
CTETRA       385       1     778    1317     868    1429
CTETRA       386       1    1328    1420     647    1540
CTETRA       387       1     906    1261     751    1432
CTETRA       388       1     523     770     654    1313
CTETRA       389       1     336    1308     907    1334
CTETRA       390       1     498     565     450    1453
CTETRA       391       1     979    1381    1344    1414
CTETRA       392       1     329    1301    1367    1447
CTETRA       393       1     738    1264     892    1330
CTETRA       394       1     521     818    1300    1335
CTETRA       395       1    1085    1268    1194    1326
CTETRA       396       1    1216    1257    1002    1328
CTETRA       397       1     871    1278     696    1552
CTETRA       398       1     529    1302    1109    1336
CTETRA       399       1    1259    1091    1336    1417
CTETRA       400       1     945    1304     331    1468
CTETRA       401       1     292    1303     649    1359
CTETRA       402       1    1184    1337    1283    1377
CTETRA       403       1     340     754    1301    1359
CTETRA       404       1    1152    1232    1331    1398
CTETRA       405       1     833    1317     281    1355
CTETRA       406       1    1078    1076    1289    1337
CTETRA       407       1    1168    1310    1000    1328
CTETRA       408       1     768    1425     769    1449
CTETRA       409       1    1272    1320     791    1421
CTETRA       410       1     884    1324    1343    1413
CTETRA       411       1     999    1216    1000    1448
CTETRA       412       1    1152    1381     977    1503
CTETRA       413       1     298     400    1310    1328
CTETRA       414       1     887    1269     744    1428
CTETRA       415       1     883    1276     773    1385
CTETRA       416       1     523     654     479    1313
CTETRA       417       1    1223    1256    1374    1384
CTETRA       418       1    1272    1389    1320    1442
CTETRA       419       1     337     756    1303    1378
CTETRA       420       1     293     344     391    1305
CTETRA       421       1    1271     734    1334    1434
CTETRA       422       1    1245    1332     850    1408
CTETRA       423       1     519    1371     964    1485
CTETRA       424       1    1164    1308     341    1533
CTETRA       425       1    1169     995     997    1278
CTETRA       426       1     328    1306     723    1465
CTETRA       427       1     400     441     298    1310
CTETRA       428       1     739    1264    1347    1386
CTETRA       429       1     951     440    1407    1472
CTETRA       430       1    1172    1333    1307    1526
CTETRA       431       1     325    1310     914    1370
CTETRA       432       1     311    1359    1301    1466
CTETRA       433       1    1437    1450    1293    1484
CTETRA       434       1    1314    1385    1276    1400
CTETRA       435       1    1307    1364     317    1454
CTETRA       436       1    1232    1240    1228    1398
CTETRA       437       1     718    1286     857    1520
CTETRA       438       1    1208    1006    1392    1504
CTETRA       439       1     864     685    1437    1484
CTETRA       440       1     287    1304     645    1378
CTETRA       441       1    1175    1144    1173    1456
CTETRA       442       1    1278    1305    1370    1472
CTETRA       443       1     931    1217     330    1392
CTETRA       444       1    1311    1276    1400    1487
CTETRA       445       1    1278    1370    1310    1472
CTETRA       446       1    1069     313    1303    1468
CTETRA       447       1     460    1382    1300    1474
CTETRA       448       1     345     399     300    1314
CTETRA       449       1     777     892    1311    1330
CTETRA       450       1     884    1343     881    1413
CTETRA       451       1     324     441     400    1310
CTETRA       452       1    1012    1329    1050    1362
CTETRA       453       1    1111    1375     549    1490
CTETRA       454       1    1168    1000    1216    1328
CTETRA       455       1    1269    1378    1303    1428
CTETRA       456       1    1215    1223     987    1256
CTETRA       457       1    1185    1116    1320    1402
CTETRA       458       1     718    1489    1286    1520
CTETRA       459       1    1232    1221    1240    1398
CTETRA       460       1     965    1312     489    1372
CTETRA       461       1     728     718     857    1520
CTETRA       462       1     807     808     925    1331
CTETRA       463       1     808    1298     806    1343
CTETRA       464       1     792    1272     791    1421
CTETRA       465       1     778     868     779    1429
CTETRA       466       1    1314    1400    1276    1487
CTETRA       467       1    1155    1162     986    1526
CTETRA       468       1     790     651     901    1305
CTETRA       469       1     710     709     707    1265
CTETRA       470       1     725     727    1376    1446
CTETRA       471       1    1075    1078    1184    1337
CTETRA       472       1     763    1418    1318    1423
CTETRA       473       1     874    1396    1307    1450
CTETRA       474       1     989     987    1226    1332
CTETRA       475       1     927    1329    1012    1363
CTETRA       476       1     330     295     931    1392
CTETRA       477       1    1088    1127    1323    1486
CTETRA       478       1     329    1367     411    1447
CTETRA       479       1     808    1255    1343    1455
CTETRA       480       1    1215    1365    1297    1374
CTETRA       481       1     341    1367    1308    1447
CTETRA       482       1     738    1264    1330    1411
CTETRA       483       1    1066    1279    1186    1452
CTETRA       484       1    1171    1208    1006    1392
CTETRA       485       1     892     886     777    1311
CTETRA       486       1    1261    1319    1033    1433
CTETRA       487       1     298     441     390    1310
CTETRA       488       1     731    1321    1271    1432
CTETRA       489       1     999    1002    1216    1257
CTETRA       490       1    1245     850    1332    1435
CTETRA       491       1    1254    1246    1242    1332
CTETRA       492       1    1151    1246    1222    1332
CTETRA       493       1    1257    1002    1328    1409
CTETRA       494       1     565    1374    1297    1453
CTETRA       495       1     818     760    1300    1335
CTETRA       496       1    1194    1085    1087    1268
CTETRA       497       1    1085    1268    1326    1405
CTETRA       498       1    1136    1319    1262    1433
CTETRA       499       1     485    1326    1302    1557
CTETRA       500       1    1242    1245    1253    1408
CTETRA       501       1    1090    1346    1259    1391
CTETRA       502       1     906     752     751    1261
CTETRA       503       1    1308    1334    1271    1432
CTETRA       504       1     933    1284     354    1360
CTETRA       505       1    1223    1374    1049    1384
CTETRA       506       1    1231    1228    1239    1331
CTETRA       507       1    1024    1306     310    1369
CTETRA       508       1     894     656     789    1314
CTETRA       509       1     871    1370    1310    1406
CTETRA       510       1     622    1345     559    1374
CTETRA       511       1     802    1290     279    1491
CTETRA       512       1     483     519     964    1485
CTETRA       513       1     964    1030     483    1485
CTETRA       514       1     784     275    1348    1544
CTETRA       515       1     440     391    1407    1472
CTETRA       516       1     921     847    1231    1331
CTETRA       517       1     733     734     862    1271
CTETRA       518       1     836    1325     838    1357
CTETRA       519       1    1253    1245     922    1408
CTETRA       520       1    1307     874    1450    1561
CTETRA       521       1     738     740     892    1264
CTETRA       522       1     819    1323    1268    1427
CTETRA       523       1     745     843     890    1262
CTETRA       524       1    1089    1091    1196    1259
CTETRA       525       1     570     510     496    1329
CTETRA       526       1     731    1271    1321    1350
CTETRA       527       1    1301    1359    1262    1466
CTETRA       528       1     539    1336     974    1499
CTETRA       529       1     332     392     317    1307
CTETRA       530       1     742    1269    1322    1428
CTETRA       531       1     762    1418     763    1423
CTETRA       532       1     480    1117    1313    1478
CTETRA       533       1     454    1281     632    1532
CTETRA       534       1    1047    1441    1304    1528
CTETRA       535       1     757    1335     455    1496
CTETRA       536       1    1320    1402    1291    1442
CTETRA       537       1    1033    1319    1261    1371
CTETRA       538       1    1305    1407     391    1472
CTETRA       539       1     707     873    1309    1354
CTETRA       540       1    1283    1289    1401    1425
CTETRA       541       1     310     374     417    1306
CTETRA       542       1     372     287     431    1304
CTETRA       543       1     316     431     331    1304
CTETRA       544       1     477     578     553    1352
CTETRA       545       1     343     402     281    1317
CTETRA       546       1     492     970     549    1490
CTETRA       547       1     819    1268    1323    1351
CTETRA       548       1    1111     549     970    1490
CTETRA       549       1     808    1343     884    1455
CTETRA       550       1     479    1313     654    1357
CTETRA       551       1     385    1282     437    1346
CTETRA       552       1     561     625     473    1344
CTETRA       553       1    1172     952    1307    1333
CTETRA       554       1     868    1317     833    1355
CTETRA       555       1    1150    1252    1248    1384
CTETRA       556       1     441     324     325    1310
CTETRA       557       1     742    1322    1269    1353
CTETRA       558       1    1286    1379    1312    1520
CTETRA       559       1     822    1311     886    1386
CTETRA       560       1     902     728    1312    1520
CTETRA       561       1    1136    1262    1319    1375
CTETRA       562       1    1223    1153    1256    1384
CTETRA       563       1     883     822     773    1276
CTETRA       564       1    1316    1437    1293    1484
CTETRA       565       1     531     671     470    1350
CTETRA       566       1     634     273    1301    1367
CTETRA       567       1     671     832     470    1350
CTETRA       568       1     862     907    1308    1334
CTETRA       569       1     483     607     519    1485
CTETRA       570       1    1279    1313    1382    1452
CTETRA       571       1     355    1127    1100    1486
CTETRA       572       1    1013    1172    1218    1307
CTETRA       573       1     424     269     319    1309
CTETRA       574       1     311     421     329    1301
CTETRA       575       1     273     421     340    1301
CTETRA       576       1     422     337     292    1303
CTETRA       577       1     422     369     313    1303
CTETRA       578       1     529     592     485    1302
CTETRA       579       1    1144    1074    1173    1275
CTETRA       580       1     839     674     555    1352
CTETRA       581       1     856     887    1304    1376
CTETRA       582       1    1145    1314     363    1513
CTETRA       583       1     555     468     839    1352
CTETRA       584       1     752    1301     893    1383
CTETRA       585       1     384    1311     339    1534
CTETRA       586       1     580     521     460    1300
CTETRA       587       1    1318    1418    1275    1423
CTETRA       588       1    1045    1047    1179    1269
CTETRA       589       1     744     887     746    1269
CTETRA       590       1    1269    1303    1378    1468
CTETRA       591       1     336     426     371    1308
CTETRA       592       1     355    1100     306    1486
CTETRA       593       1    1269    1378    1304    1468
CTETRA       594       1    1078    1075    1076    1337
CTETRA       595       1    1169    1310    1000    1472
CTETRA       596       1     784     275     359    1348
CTETRA       597       1    1109    1302    1196    1336
CTETRA       598       1     951    1407    1305    1472
CTETRA       599       1     411    1367     341    1447
CTETRA       600       1    1066    1065    1186    1279
CTETRA       601       1     702    1274     674    1352
CTETRA       602       1     782     784     359    1348
CTETRA       603       1     508    1014     474    1315
CTETRA       604       1    1034    1393    1308    1525
CTETRA       605       1     995    1305    1501    1554
CTETRA       606       1     791    1320    1272    1401
CTETRA       607       1     735     671    1277    1350
CTETRA       608       1     508    1023    1014    1315
CTETRA       609       1    1122    1342    1373    1555
CTETRA       610       1     412    1323     355    1486
CTETRA       611       1     559     465     626    1345
CTETRA       612       1     987    1299     981    1365
CTETRA       613       1     300     789    1314    1400
CTETRA       614       1     697    1406    1327    1509
CTETRA       615       1     762    1275    1418    1423
CTETRA       616       1     492     549     603    1490
CTETRA       617       1    1325    1347    1264    1386
CTETRA       618       1     780     818     760    1300
CTETRA       619       1     461     671     531    1347
CTETRA       620       1    1275    1423    1368    1431
CTETRA       621       1    1163    1120    1190    1439
CTETRA       622       1     412     355     306    1486
CTETRA       623       1    1329    1396     853    1484
CTETRA       624       1     815    1430    1343    1462
CTETRA       625       1     737    1277     671    1347
CTETRA       626       1    1014     474    1315    1535
CTETRA       627       1     459     539     974    1499
CTETRA       628       1     974    1115     459    1499
CTETRA       629       1    1034    1308    1054    1525
CTETRA       630       1    1345    1374    1256    1384
CTETRA       631       1    1223    1049    1153    1384
CTETRA       632       1     368     276     783    1349
CTETRA       633       1     461     781     671    1347
CTETRA       634       1    1232    1152    1221    1398
CTETRA       635       1     628     320     679    1358
CTETRA       636       1    1293    1396    1329    1484
CTETRA       637       1     915     653     854    1453
CTETRA       638       1     725     856    1366    1376
CTETRA       639       1    1045    1303    1181    1394
CTETRA       640       1     330    1309     424    1392
CTETRA       641       1     903    1420    1424    1540
CTETRA       642       1     466     668     552    1353
CTETRA       643       1     414     279    1290    1491
CTETRA       644       1     362     279     802    1351
CTETRA       645       1    1122    1373    1080    1555
CTETRA       646       1     699     871    1310    1406
CTETRA       647       1     858    1285     783    1349
CTETRA       648       1    1279    1390    1382    1474
CTETRA       649       1    1067    1163    1314    1452
CTETRA       650       1     917    1309     269    1364
CTETRA       651       1     757     455     660    1496
CTETRA       652       1     548     660     455    1496
CTETRA       653       1     656    1314     894    1355
CTETRA       654       1    1047    1158    1304    1441
CTETRA       655       1     391     293    1305    1370
CTETRA       656       1    1054    1308    1034    1393
CTETRA       657       1    1225    1152     977    1503
CTETRA       658       1     786     791     792    1272
CTETRA       659       1    1078    1389    1283    1555
CTETRA       660       1    1293     853    1396    1484
CTETRA       661       1     730    1321     731    1432
CTETRA       662       1    1225     977    1381    1503
CTETRA       663       1    1174    1382    1186    1390
CTETRA       664       1    1259    1346    1323    1391
CTETRA       665       1     723     328     646    1419
CTETRA       666       1    1120    1163    1068    1276
CTETRA       667       1     285    1298     963    1399
CTETRA       668       1     276     633     783    1349
CTETRA       669       1    1288    1424    1420    1540
CTETRA       670       1     907     865     753    1308
CTETRA       671       1    1178    1337    1281    1368
CTETRA       672       1    1298    1096    1498    1530
CTETRA       673       1     913     760     908    1266
CTETRA       674       1    1293    1437    1316    1526
CTETRA       675       1    1230    1331    1235    1381
CTETRA       676       1    1113    1282    1092    1346
CTETRA       677       1    1317    1390    1064    1513
CTETRA       678       1    1168    1214    1000    1310
CTETRA       679       1     870     699     914    1310
CTETRA       680       1    1293    1450    1437    1526
CTETRA       681       1     362     802     662    1351
CTETRA       682       1     466     741     668    1353
CTETRA       683       1     517    1325     564    1347
CTETRA       684       1    1139    1033    1319    1433
CTETRA       685       1     827    1273     881    1343
CTETRA       686       1    1343    1430    1282    1462
CTETRA       687       1     791    1272     786    1401
CTETRA       688       1    1219    1252    1150    1384
CTETRA       689       1     861     802    1290    1351
CTETRA       690       1     328     288     646    1419
CTETRA       691       1     772    1357     771    1385
CTETRA       692       1     668     867    1296    1353
CTETRA       693       1    1113    1282     437    1399
CTETRA       694       1    1307    1333     332    1561
CTETRA       695       1     806     808     807    1298
CTETRA       696       1     791    1320     793    1421
CTETRA       697       1    1298    1096    1399    1498
CTETRA       698       1     850     922    1245    1408
CTETRA       699       1    1289    1425    1337    1449
CTETRA       700       1     981     987     989    1299
CTETRA       701       1     330     424     295    1392
CTETRA       702       1    1283    1337    1289    1425
CTETRA       703       1    1109    1195    1196    1302
CTETRA       704       1     422     369    1303    1359
CTETRA       705       1     421    1301     311    1359
CTETRA       706       1     502    1327     620    1509
CTETRA       707       1    1136    1139    1319    1433
CTETRA       708       1    1275    1318    1423    1431
CTETRA       709       1    1205    1305     951    1407
CTETRA       710       1    1302    1268    1427    1556
CTETRA       711       1     446    1228    1240    1398
CTETRA       712       1     884    1343    1324    1455
CTETRA       713       1     917     873     631    1309
CTETRA       714       1     555    1274     674    1515
CTETRA       715       1    1354    1392    1309    1504
CTETRA       716       1    1278    1370    1305    1552
CTETRA       717       1     872    1364     377    1561
CTETRA       718       1     391    1305     344    1477
CTETRA       719       1     317    1307     392    1364
CTETRA       720       1     451    1357    1325    1478
CTETRA       721       1     533    1281    1106    1377
CTETRA       722       1     819     796    1323    1427
CTETRA       723       1     301    1145     363    1513
CTETRA       724       1     309     406    1380    1549
CTETRA       725       1     503     664     502    1509
CTETRA       726       1     610    1312     489    1539
CTETRA       727       1     772    1276    1357    1385
CTETRA       728       1    1190    1311    1439    1531
CTETRA       729       1    1285    1380     406    1549
CTETRA       730       1     759    1318     763    1418
CTETRA       731       1     925    1331    1255    1518
CTETRA       732       1     815     827    1343    1430
CTETRA       733       1    1001    1327    1257    1448
CTETRA       734       1     790    1305     901    1477
CTETRA       735       1    1317    1355     868    1429
CTETRA       736       1     753     862     907    1308
CTETRA       737       1     742    1322     743    1428
CTETRA       738       1    1267    1376    1366    1441
CTETRA       739       1     480    1313    1117    1382
CTETRA       740       1     665     318    1462    1471
CTETRA       741       1    1218     952    1170    1307
CTETRA       742       1    1218    1013    1307    1451
CTETRA       743       1    1055     934    1193    1301
CTETRA       744       1     754     893     634    1301
CTETRA       745       1    1195    1109     941    1302
CTETRA       746       1     767    1401     769    1425
CTETRA       747       1     368    1285     401    1349
CTETRA       748       1     477    1327     578    1352
CTETRA       749       1     918    1307     874    1396
CTETRA       750       1    1073    1337    1178    1368
CTETRA       751       1    1181    1303     949    1466
CTETRA       752       1     531     596    1277    1350
CTETRA       753       1    1302    1326    1268    1556
CTETRA       754       1     363    1314    1145    1487
CTETRA       755       1    1190    1311    1531    1534
CTETRA       756       1     503     747     664    1509
CTETRA       757       1     345     399    1314    1355
CTETRA       758       1     404    1290     279    1351
CTETRA       759       1     521    1335    1300    1545
CTETRA       760       1    1304    1366     856    1376
CTETRA       761       1     517     564     617    1347
CTETRA       762       1    1001    1003    1409    1537
CTETRA       763       1     837    1262    1428    1458
CTETRA       764       1     517     617    1325    1347
CTETRA       765       1     606     531    1277    1347
CTETRA       766       1     320     628     271    1358
CTETRA       767       1     555    1274     575    1352
CTETRA       768       1    1145     301    1140    1513
CTETRA       769       1     336    1308    1334    1533
CTETRA       770       1     965    1104     489    1539
CTETRA       771       1     731    1321     729    1350
CTETRA       772       1    1135     309     942    1380
CTETRA       773       1     365     942     309    1380
CTETRA       774       1     912    1342    1272    1491
CTETRA       775       1     856     746     887    1376
CTETRA       776       1     862    1308     753    1432
CTETRA       777       1     679    1299     680    1358
CTETRA       778       1    1261    1432    1367    1447
CTETRA       779       1     308     437    1113    1346
CTETRA       780       1    1288    1420    1328    1540
CTETRA       781       1     815    1282    1430    1462
CTETRA       782       1    1181    1069     949    1303
CTETRA       783       1     756     889     649    1303
CTETRA       784       1    1122    1508    1342    1555
CTETRA       785       1    1261    1367    1301    1447
CTETRA       786       1    1135     309    1380    1549
CTETRA       787       1     732    1432    1261    1457
CTETRA       788       1    1228     446     294    1398
CTETRA       789       1    1067    1068    1163    1452
CTETRA       790       1    1302    1336     529    1546
CTETRA       791       1     665     318     360    1462
CTETRA       792       1     328    1306     417    1419
CTETRA       793       1    1273     881    1343    1413
CTETRA       794       1    1302    1556    1427    1557
CTETRA       795       1     704    1354    1274    1424
CTETRA       796       1     547     489    1104    1539
CTETRA       797       1     476     562     929    1316
CTETRA       798       1     929    1316     562    1560
CTETRA       799       1     742    1353    1269    1376
CTETRA       800       1     307    1124    1380    1541
CTETRA       801       1    1307    1364     872    1561
CTETRA       802       1     659    1462     280    1543
CTETRA       803       1     612     552    1296    1353
CTETRA       804       1     643     818     780    1300
CTETRA       805       1     414     348    1373    1547
CTETRA       806       1     842     856     645    1304
CTETRA       807       1    1158    1141     945    1304
CTETRA       808       1     348    1114    1373    1547
CTETRA       809       1     795     819    1323    1351
CTETRA       810       1     502     620     503    1509
CTETRA       811       1     699    1310     871    1370
CTETRA       812       1     414    1373    1290    1547
CTETRA       813       1     275     398    1348    1544
CTETRA       814       1     771    1357    1313    1385
CTETRA       815       1     394    1317     343    1349
CTETRA       816       1    1173    1404    1318    1431
CTETRA       817       1    1275     877    1418    1475
CTETRA       818       1    1253     444     286    1408
CTETRA       819       1     787    1342    1289    1401
CTETRA       820       1     672    1322     742    1353
CTETRA       821       1     793    1320    1291    1421
CTETRA       822       1    1279    1064    1390    1513
CTETRA       823       1    1306    1369    1165    1379
CTETRA       824       1    1390    1523    1174    1545
CTETRA       825       1    1291    1402    1320    1415
CTETRA       826       1     891    1287    1334    1434
CTETRA       827       1     965    1312    1206    1539
CTETRA       828       1     405     355    1323    1346
CTETRA       829       1    1226    1332    1256    1384
CTETRA       830       1    1063    1064    1317    1390
CTETRA       831       1     958     303    1114    1373
CTETRA       832       1     348    1114     303    1373
CTETRA       833       1    1049    1219    1150    1384
CTETRA       834       1    1364    1396    1265    1454
CTETRA       835       1    1025    1165    1369    1379
CTETRA       836       1     940     351    1057    1317
CTETRA       837       1     351     302    1057    1317
CTETRA       838       1    1279    1382    1313    1474
CTETRA       839       1     320     386    1299    1358
CTETRA       840       1     426    1308     341    1367
CTETRA       841       1     451    1325    1118    1478
CTETRA       842       1     315     951     440    1407
CTETRA       843       1    1300    1390    1174    1545
CTETRA       844       1     805     665     360    1462
CTETRA       845       1    1300    1523    1390    1545
CTETRA       846       1    1284    1348     398    1544
CTETRA       847       1    1284    1348     875    1512
CTETRA       848       1    1165     946    1024    1306
CTETRA       849       1     722    1461     448    1515
CTETRA       850       1    1134     507     967    1319
CTETRA       851       1     490     967     507    1319
CTETRA       852       1    1017    1340    1286    1372
CTETRA       853       1     480    1313     577    1478
CTETRA       854       1     708    1265    1396    1461
CTETRA       855       1     711     853    1329    1396
CTETRA       856       1     577     523     479    1313
CTETRA       857       1     349     795    1323    1351
CTETRA       858       1     758    1335    1280    1440
CTETRA       859       1    1198    1498    1324    1499
CTETRA       860       1     307    1380    1348    1541
CTETRA       861       1     515    1322     672    1353
CTETRA       862       1    1284    1337    1071    1368
CTETRA       863       1     729    1321     514    1350
CTETRA       864       1    1191    1326    1291    1405
CTETRA       865       1     826     463     538    1318
CTETRA       866       1     538     824     826    1318
CTETRA       867       1    1076    1289    1337    1360
CTETRA       868       1     380     445     294    1471
CTETRA       869       1     318     436     360    1462
CTETRA       870       1     963    1298     285    1398
CTETRA       871       1    1177    1074    1368    1431
CTETRA       872       1     854    1297     450    1529
CTETRA       873       1     694     871     696    1552
CTETRA       874       1     891    1334     734    1434
CTETRA       875       1     866    1306     723    1419
CTETRA       876       1     421     329    1301    1367
CTETRA       877       1     361    1399    1282    1462
CTETRA       878       1    1300    1382    1174    1390
CTETRA       879       1     514     729     666    1321
CTETRA       880       1     514     666     551    1321
CTETRA       881       1    1272    1081    1389    1442
CTETRA       882       1    1326    1402    1291    1415
CTETRA       883       1    1012    1363    1329    1451
CTETRA       884       1     836    1325    1357    1386
CTETRA       885       1     377    1364     392    1561
CTETRA       886       1     874    1307     918    1561
CTETRA       887       1     706    1315    1354    1461
CTETRA       888       1    1125     941     485    1326
CTETRA       889       1     485     532    1125    1326
CTETRA       890       1     779    1266    1349    1429
CTETRA       891       1     308    1113     938    1346
CTETRA       892       1    1279    1390    1317    1513
CTETRA       893       1    1176    1382    1313    1452
CTETRA       894       1    1265    1354    1315    1461
CTETRA       895       1    1388    1416     670    1445
CTETRA       896       1     471     672     515    1322
CTETRA       897       1    1138     554    1340    1372
CTETRA       898       1     929     562    1209    1560
CTETRA       899       1     672     471     801    1322
CTETRA       900       1     710    1364     918    1396
CTETRA       901       1     872     918    1307    1561
CTETRA       902       1    1382    1390    1300    1474
CTETRA       903       1     455    1335     579    1496
CTETRA       904       1    1305    1370     901    1552
CTETRA       905       1    1186    1382    1176    1452
CTETRA       906       1     890    1359     889    1428
CTETRA       907       1    1171    1217    1309    1454
CTETRA       908       1    1311    1487     272    1534
CTETRA       909       1     872    1307     918    1364
CTETRA       910       1    1012    1329    1362    1451
CTETRA       911       1     942     307    1124    1380
CTETRA       912       1     307     942     365    1380
CTETRA       913       1     291    1334     648    1516
CTETRA       914       1    1207    1288    1328    1409
CTETRA       915       1    1054    1525    1308    1533
CTETRA       916       1    1220     979    1149    1381
CTETRA       917       1    1207    1328    1288    1550
CTETRA       918       1     995    1305    1205    1501
CTETRA       919       1     925    1255     852    1518
CTETRA       920       1    1122    1342     358    1373
CTETRA       921       1    1190    1439    1041    1531
CTETRA       922       1    1253     286    1242    1408
CTETRA       923       1     351    1355    1317    1513
CTETRA       924       1    1275    1348     877    1475
CTETRA       925       1    1106    1281     533    1431
CTETRA       926       1     957     451     516    1325
CTETRA       927       1    1183    1283    1078    1389
CTETRA       928       1     392    1364    1307    1561
CTETRA       929       1    1326    1556    1302    1557
CTETRA       930       1    1279    1355     898    1385
CTETRA       931       1     804    1283     535    1494
CTETRA       932       1    1322    1428    1262    1458
CTETRA       933       1     548     455     579    1496
CTETRA       934       1     670    1416     563    1445
CTETRA       935       1    1181    1394    1303    1466
CTETRA       936       1    1261    1432    1321    1457
CTETRA       937       1     631    1309     873    1495
CTETRA       938       1    1065    1174    1186    1390
CTETRA       939       1     372    1304     431    1366
CTETRA       940       1     952    1218    1172    1307
CTETRA       941       1    1280    1404    1318    1456
CTETRA       942       1     957    1118     451    1325
CTETRA       943       1    1031    1371    1321    1485
CTETRA       944       1    1071    1284     933    1360
CTETRA       945       1     332     952     297    1333
CTETRA       946       1    1078    1183    1184    1283
CTETRA       947       1     538     824    1318    1532
CTETRA       948       1    1288    1392    1354    1504
CTETRA       949       1     580    1300     460    1382
CTETRA       950       1     850    1408    1332    1435
CTETRA       951       1     679    1299     320    1408
CTETRA       952       1    1141    1304    1158    1506
CTETRA       953       1     871     901    1370    1552
CTETRA       954       1    1173    1103    1404    1431
CTETRA       955       1     351    1317     940    1513
CTETRA       956       1     874     712    1396    1450
CTETRA       957       1     965    1206    1104    1539
CTETRA       958       1     315    1105     951    1407
CTETRA       959       1     888    1427    1556    1557
CTETRA       960       1     706    1354    1315    1515
CTETRA       961       1     827    1273    1343    1430
CTETRA       962       1     368    1285     783    1475
CTETRA       963       1    1198    1324    1498    1530
CTETRA       964       1    1164    1054    1308    1533
CTETRA       965       1     464     540    1123    1324
CTETRA       966       1    1293    1450     685    1484
CTETRA       967       1    1322    1375    1044    1490
CTETRA       968       1     702     674     839    1352
CTETRA       969       1     897    1411    1330    1516
CTETRA       970       1    1191    1085    1326    1405
CTETRA       971       1    1031     964    1371    1485
CTETRA       972       1    1330    1411    1287    1516
CTETRA       973       1    1329    1396    1265    1461
CTETRA       974       1    1207    1328    1002    1409
CTETRA       975       1    1177    1173    1074    1431
CTETRA       976       1    1238     473     625    1344
CTETRA       977       1     658     279     350    1491
CTETRA       978       1     735     832     671    1350
CTETRA       979       1     566    1357     451    1478
CTETRA       980       1    1152    1398    1331    1503
CTETRA       981       1     626    1243    1252    1345
CTETRA       982       1     341    1308     426    1533
CTETRA       983       1     283     349     795    1323
CTETRA       984       1     795     661     283    1323
CTETRA       985       1    1153    1226    1256    1384
CTETRA       986       1    1031    1321    1371    1393
CTETRA       987       1    1366    1376    1304    1441
CTETRA       988       1     668     552    1296    1502
CTETRA       989       1    1205     951    1305    1472
CTETRA       990       1     421     411     329    1367
CTETRA       991       1     703    1288     904    1354
CTETRA       992       1     856    1304     887    1378
CTETRA       993       1     446    1240    1221    1398
CTETRA       994       1     530    1382     975    1545
CTETRA       995       1     448    1461     605    1515
CTETRA       996       1     391    1407    1305    1477
CTETRA       997       1    1265    1309    1364    1454
CTETRA       998       1    1168     373     298    1328
CTETRA       999       1    1303    1359    1262    1428
CTETRA      1000       1     947     373    1168    1328
CTETRA      1001       1    1027    1025    1267    1379
CTETRA      1002       1    1044    1375    1322    1394
CTETRA      1003       1     897    1287    1411    1516
CTETRA      1004       1     859    1342     278    1480
CTETRA      1005       1    1354    1309    1476    1504
CTETRA      1006       1    1280    1335     758    1496
CTETRA      1007       1     646     866     723    1419
CTETRA      1008       1     792     791     793    1421
CTETRA      1009       1    1070     933     354    1360
CTETRA      1010       1     299    1070     354    1360
CTETRA      1011       1     889    1359    1303    1428
CTETRA      1012       1     339    1311     272    1534
CTETRA      1013       1     944    1123     540    1324
CTETRA      1014       1    1325    1439    1160    1478
CTETRA      1015       1    1111    1044    1375    1490
CTETRA      1016       1    1218    1307    1170    1454
CTETRA      1017       1     759    1318    1418    1496
CTETRA      1018       1     738    1330     897    1411
CTETRA      1019       1     802     279     658    1491
CTETRA      1020       1     448     497     713    1515
CTETRA      1021       1     464    1324    1123    1414
CTETRA      1022       1     713     722     448    1515
CTETRA      1023       1     852     925     808    1255
CTETRA      1024       1     753    1308     865    1367
CTETRA      1025       1     930    1487    1311    1534
CTETRA      1026       1     297     952    1147    1333
CTETRA      1027       1    1178    1281    1177    1368
CTETRA      1028       1     272    1311     339    1487
CTETRA      1029       1     578    1327     502    1352
CTETRA      1030       1    1312    1372    1206    1379
CTETRA      1031       1    1017    1138    1340    1372
CTETRA      1032       1     753    1367     906    1432
CTETRA      1033       1     563    1416    1340    1445
CTETRA      1034       1    1262    1359    1303    1466
CTETRA      1035       1    1291    1421    1320    1442
CTETRA      1036       1    1320    1421    1272    1442
CTETRA      1037       1    1281    1337    1178    1377
CTETRA      1038       1     762     759     763    1418
CTETRA      1039       1     394     402     343    1317
CTETRA      1040       1     915    1453    1297    1463
CTETRA      1041       1     390    1310     441    1472
CTETRA      1042       1     354    1284     396    1360
CTETRA      1043       1     484    1138     554    1340
CTETRA      1044       1     296    1488     386    1517
CTETRA      1045       1    1324    1498    1273    1499
CTETRA      1046       1     605    1461    1315    1515
CTETRA      1047       1     867    1353     742    1376
CTETRA      1048       1     547     610     489    1539
CTETRA      1049       1     319     424    1309    1495
CTETRA      1050       1     386    1488    1299    1517
CTETRA      1051       1    1071    1337    1284    1360
CTETRA      1052       1     651     901    1305    1370
CTETRA      1053       1    1245    1332    1250    1435
CTETRA      1054       1    1324    1413     884    1455
CTETRA      1055       1    1197    1336    1091    1417
CTETRA      1056       1    1075    1337    1184    1377
CTETRA      1057       1     737     671     781    1347
CTETRA      1058       1     374     417    1306    1473
CTETRA      1059       1     749     449     557    1329
CTETRA      1060       1     426     371    1308    1367
CTETRA      1061       1     774    1279     898    1385
CTETRA      1062       1     627     749     557    1329
CTETRA      1063       1     873    1309    1354    1495
CTETRA      1064       1     902    1312    1446    1520
CTETRA      1065       1    1340    1416    1388    1445
CTETRA      1066       1     473    1238    1229    1344
CTETRA      1067       1     784     782     875    1348
CTETRA      1068       1     704    1274    1354    1515
CTETRA      1069       1     699     696     871    1406
CTETRA      1070       1    1283    1401     767    1425
CTETRA      1071       1     885    1521    1427    1546
CTETRA      1072       1    1197    1273    1336    1417
CTETRA      1073       1     968    1138     484    1340
CTETRA      1074       1     918    1364    1307    1396
CTETRA      1075       1     978    1222     447    1488
CTETRA      1076       1    1321    1393    1031    1485
CTETRA      1077       1     659     805     280    1462
CTETRA      1078       1     405    1346    1323    1519
CTETRA      1079       1    1243     626     465    1345
CTETRA      1080       1    1164    1308    1054    1447
CTETRA      1081       1     805     360     280    1462
CTETRA      1082       1     437    1282     361    1399
CTETRA      1083       1     679     680     628    1358
CTETRA      1084       1     414     350     279    1491
CTETRA      1085       1    1307    1333    1293    1526
CTETRA      1086       1     842     856    1304    1366
CTETRA      1087       1    1253     922     444    1408
CTETRA      1088       1     577    1313     479    1357
CTETRA      1089       1     303     958     358    1373
CTETRA      1090       1    1122     358     958    1373
CTETRA      1091       1     859     278     910    1480
CTETRA      1092       1     706     704    1354    1515
CTETRA      1093       1    1174     975    1382    1545
CTETRA      1094       1    1044    1394    1322    1490
CTETRA      1095       1     930    1311    1190    1534
CTETRA      1096       1    1103     545    1404    1431
CTETRA      1097       1     456    1338     636    1497
CTETRA      1098       1     968     484    1015    1340
CTETRA      1099       1     699    1310     870    1540
CTETRA      1100       1     592     485    1302    1557
CTETRA      1101       1     898    1355     894    1385
CTETRA      1102       1    1075    1178    1337    1377
CTETRA      1103       1    1259     797    1427    1519
CTETRA      1104       1    1437    1450    1263    1526
CTETRA      1105       1    1174    1382    1300    1545
CTETRA      1106       1    1323    1391    1088    1486
CTETRA      1107       1     412     405     355    1323
CTETRA      1108       1    1197    1336    1273    1499
CTETRA      1109       1    1332    1435    1408    1527
CTETRA      1110       1    1071    1076    1337    1360
CTETRA      1111       1    1325    1347     617    1551
CTETRA      1112       1     962     568     477    1327
CTETRA      1113       1    1174    1390    1062    1523
CTETRA      1114       1     431    1304     316    1506
CTETRA      1115       1     766    1281     632    1425
CTETRA      1116       1     962    1048     568    1327
CTETRA      1117       1     365     309     406    1380
CTETRA      1118       1     974     539     529    1336
CTETRA      1119       1    1109     974     529    1336
CTETRA      1120       1    1159    1206    1372    1379
CTETRA      1121       1    1317    1349     394    1558
CTETRA      1122       1     270     872     377    1561
CTETRA      1123       1     818     521     455    1335
CTETRA      1124       1     804    1283     767    1425
CTETRA      1125       1     455     757     818    1335
CTETRA      1126       1    1073    1178    1177    1368
CTETRA      1127       1     328     417     288    1419
CTETRA      1128       1    1226     987    1153    1256
CTETRA      1129       1     894    1355    1314    1385
CTETRA      1130       1     859     350     278    1491
CTETRA      1131       1     488     644    1413    1455
CTETRA      1132       1     844     456     636    1497
CTETRA      1133       1     858     783     633    1349
CTETRA      1134       1    1316    1493    1162    1526
CTETRA      1135       1     990     505    1339    1436
CTETRA      1136       1     384     640     777    1330
CTETRA      1137       1     930     272    1487    1534
CTETRA      1138       1     361     437     385    1282
CTETRA      1139       1     978     447     379    1488
CTETRA      1140       1    1023    1315     508    1363
CTETRA      1141       1    1345    1374     622    1453
CTETRA      1142       1     993    1339    1258    1436
CTETRA      1143       1    1190    1311     930    1487
CTETRA      1144       1     480     577     544    1478
CTETRA      1145       1    1290    1373     414    1491
CTETRA      1146       1     357     910     278    1480
CTETRA      1147       1    1408    1435     850    1527
CTETRA      1148       1    1258    1339     993    1500
CTETRA      1149       1     608     514    1321    1350
CTETRA      1150       1     525     456     844    1497
CTETRA      1151       1     384     282     640    1330
CTETRA      1152       1     772     773    1276    1385
CTETRA      1153       1    1171    1454    1309    1476
CTETRA      1154       1     349    1323     410    1351
CTETRA      1155       1     600    1322     515    1353
CTETRA      1156       1     704     703    1354    1424
CTETRA      1157       1    1307    1396    1293    1450
CTETRA      1158       1     307     413    1348    1380
CTETRA      1159       1     898    1355    1279    1429
CTETRA      1160       1    1071    1072    1284    1368
CTETRA      1161       1     528    1320     814    1494
CTETRA      1162       1    1291    1402    1189    1442
CTETRA      1163       1     668     741     867    1353
CTETRA      1164       1    1276    1160    1439    1478
CTETRA      1165       1     771     654     770    1313
CTETRA      1166       1     720    1260     719    1483
CTETRA      1167       1     746     742    1269    1376
CTETRA      1168       1     292     422    1303    1359
CTETRA      1169       1    1128    1258     993    1500
CTETRA      1170       1    1298    1331     807    1471
CTETRA      1171       1     499    1484     629    1529
CTETRA      1172       1     421     340    1301    1359
CTETRA      1173       1    1055    1301    1193    1466
CTETRA      1174       1     894    1314     789    1400
CTETRA      1175       1    1046    1394    1181    1466
CTETRA      1176       1     861     662     802    1351
CTETRA      1177       1     934    1193    1301    1447
CTETRA      1178       1     643    1300     780    1474
CTETRA      1179       1     893    1301     754    1359
CTETRA      1180       1    1215    1297    1365    1493
CTETRA      1181       1     709     710     918    1396
CTETRA      1182       1    1117    1313    1176    1382
CTETRA      1183       1     449    1362    1329    1484
CTETRA      1184       1     873    1354     904    1495
CTETRA      1185       1     336     907     648    1334
CTETRA      1186       1     384     438    1330    1534
CTETRA      1187       1     989    1299    1332    1488
CTETRA      1188       1    1311    1400     339    1487
CTETRA      1189       1     557    1329    1363    1461
CTETRA      1190       1     859     278    1342    1491
CTETRA      1191       1     608    1350    1321    1485
CTETRA      1192       1     649    1303     889    1359
CTETRA      1193       1    1092    1113    1094    1282
CTETRA      1194       1     291     336     648    1334
CTETRA      1195       1     410    1351    1323    1486
CTETRA      1196       1     885    1427     888    1557
CTETRA      1197       1    1075    1184    1178    1377
CTETRA      1198       1    1192    1174    1523    1545
CTETRA      1199       1     946    1306    1165    1473
CTETRA      1200       1    1073    1071    1337    1368
CTETRA      1201       1     600    1322    1353    1490
CTETRA      1202       1     393     332    1333    1561
CTETRA      1203       1    1262    1375    1136    1394
CTETRA      1204       1    1298    1498    1343    1530
CTETRA      1205       1     285     436    1298    1399
CTETRA      1206       1     658     350     859    1491
CTETRA      1207       1     753    1308    1367    1432
CTETRA      1208       1     484     500    1015    1340
CTETRA      1209       1     360     361     280    1462
CTETRA      1210       1    1117    1176    1313    1478
CTETRA      1211       1    1136    1262    1143    1433
CTETRA      1212       1     990    1146     505    1436
CTETRA      1213       1     315     440     391    1407
CTETRA      1214       1     500    1015    1340    1479
CTETRA      1215       1     798    1259     797    1427
CTETRA      1216       1    1192    1174    1062    1523
CTETRA      1217       1    1053    1261    1033    1433
CTETRA      1218       1     733     731    1271    1432
CTETRA      1219       1     447     286     379    1488
CTETRA      1220       1     837    1262     745    1428
CTETRA      1221       1    1293    1333    1307    1450
CTETRA      1222       1    1276    1439    1325    1478
CTETRA      1223       1     431    1366    1304    1506
CTETRA      1224       1     528     814     457    1494
CTETRA      1225       1    1025    1369    1267    1379
CTETRA      1226       1     702     704     674    1274
CTETRA      1227       1     732     751    1261    1432
CTETRA      1228       1    1033    1371    1261    1393
CTETRA      1229       1     779     913     908    1266
CTETRA      1230       1    1190    1531    1188    1534
CTETRA      1231       1     761     758     759    1280
CTETRA      1232       1    1205     951    1105    1407
CTETRA      1233       1     735     671     737    1277
CTETRA      1234       1    1087    1085    1086    1268
CTETRA      1235       1     878    1521     885    1546
CTETRA      1236       1     637     457     814    1494
CTETRA      1237       1    1089    1090    1091    1259
CTETRA      1238       1     608    1321     607    1485
CTETRA      1239       1     720     715     719    1260
CTETRA      1240       1    1016    1021    1020    1260
CTETRA      1241       1    1216    1002    1207    1328
CTETRA      1242       1     730     729     731    1321
CTETRA      1243       1    1280    1418    1318    1496
CTETRA      1244       1     700    1352    1257    1424
CTETRA      1245       1     940    1317    1064    1513
CTETRA      1246       1    1085    1194    1191    1326
CTETRA      1247       1     885    1427    1302    1546
CTETRA      1248       1     406    1380    1285    1475
CTETRA      1249       1     797     798     799    1259
CTETRA      1250       1    1146     493     505    1436
CTETRA      1251       1    1000    1310    1214    1472
CTETRA      1252       1     698     701     700    1257
CTETRA      1253       1     999    1001    1002    1257
CTETRA      1254       1    1128    1387    1258    1500
CTETRA      1255       1     980    1488     296    1517
CTETRA      1256       1     825     829     692    1258
CTETRA      1257       1    1126     993    1128    1258
CTETRA      1258       1     940    1063    1064    1317
CTETRA      1259       1    1405    1486    1351    1547
CTETRA      1260       1    1143    1136    1046    1262
CTETRA      1261       1     837     843     745    1262
CTETRA      1262       1     891    1334    1287    1516
CTETRA      1263       1     806    1343    1298    1462
CTETRA      1264       1    1211    1164     341    1533
CTETRA      1265       1     819    1268     800    1427
CTETRA      1266       1    1288     904    1354    1495
CTETRA      1267       1     786     792     912    1272
CTETRA      1268       1     621     561    1344    1414
CTETRA      1269       1     351     395    1355    1513
CTETRA      1270       1     749     449    1329    1484
CTETRA      1271       1     307     365     413    1380
CTETRA      1272       1     403     414    1373    1491
CTETRA      1273       1    1072     933    1071    1284
CTETRA      1274       1     709     708    1265    1396
CTETRA      1275       1     751     752     732    1261
CTETRA      1276       1    1033    1053    1052    1261
CTETRA      1277       1     738     739     740    1264
CTETRA      1278       1    1040    1039    1041    1264
CTETRA      1279       1     600     603    1322    1490
CTETRA      1280       1    1094    1282    1113    1399
CTETRA      1281       1     821     632     766    1281
CTETRA      1282       1     530     580    1382    1545
CTETRA      1283       1     414     348     303    1373
CTETRA      1284       1    1296    1376     895    1446
CTETRA      1285       1    1155    1362    1293    1451
CTETRA      1286       1     898    1279     776    1429
CTETRA      1287       1    1367    1432    1308    1447
CTETRA      1288       1    1190    1041    1188    1531
CTETRA      1289       1     426    1308     336    1533
CTETRA      1290       1     742     744    1269    1428
CTETRA      1291       1    1072     933    1284    1541
CTETRA      1292       1     873    1309     917    1364
CTETRA      1293       1     707    1265     708    1461
CTETRA      1294       1    1108     481     530    1545
CTETRA      1295       1     767     804     785    1283
CTETRA      1296       1     985     984     982    1263
CTETRA      1297       1    1108     530     975    1545
CTETRA      1298       1     963    1298    1096    1399
CTETRA      1299       1    1289    1342     787    1480
CTETRA      1300       1     521    1300     580    1545
CTETRA      1301       1    1294     830    1483    1524
CTETRA      1302       1     654    1313     771    1357
CTETRA      1303       1    1106    1281    1178    1377
CTETRA      1304       1     412     410    1323    1486
CTETRA      1305       1     878    1427     885    1521
CTETRA      1306       1    1197    1196    1091    1336
CTETRA      1307       1     712    1293     853    1396
CTETRA      1308       1     764    1275     762    1423
CTETRA      1309       1     982    1365    1263    1493
CTETRA      1310       1    1267    1027    1379    1481
CTETRA      1311       1     726     725     724    1267
CTETRA      1312       1    1026    1027    1025    1267
CTETRA      1313       1    1232    1228    1235    1331
CTETRA      1314       1     709     708     707    1265
CTETRA      1315       1    1008    1009    1010    1265
CTETRA      1316       1     499     629     511    1529
CTETRA      1317       1     441    1310     325    1370
CTETRA      1318       1    1122    1077    1508    1555
CTETRA      1319       1     895    1296     867    1376
CTETRA      1320       1    1058    1266    1390    1558
CTETRA      1321       1     557     627    1329    1461
CTETRA      1322       1     918     874     712    1396
CTETRA      1323       1    1062    1058    1060    1266
CTETRA      1324       1     820     800     819    1268
CTETRA      1325       1     903    1420    1288    1424
CTETRA      1326       1    1156    1215    1297    1374
CTETRA      1327       1     592    1302     529    1546
CTETRA      1328       1     693     691     690    1270
CTETRA      1329       1     992     994     991    1270
CTETRA      1330       1     891     648    1334    1516
CTETRA      1331       1    1250    1245    1242    1332
CTETRA      1332       1    1171    1011    1217    1454
CTETRA      1333       1     995     996    1278    1554
CTETRA      1334       1     762     764     877    1275
CTETRA      1335       1     779    1349    1266    1440
CTETRA      1336       1    1119    1160    1325    1439
CTETRA      1337       1     995     996     997    1278
CTETRA      1338       1     652     872     270    1561
CTETRA      1339       1     903    1424     701    1540
CTETRA      1340       1     746     742     744    1269
CTETRA      1341       1    1045    1043    1047    1269
CTETRA      1342       1    1156     613    1374    1560
CTETRA      1343       1     341     304    1211    1533
CTETRA      1344       1     891     862     734    1334
CTETRA      1345       1    1161    1525    1054    1533
CTETRA      1346       1    1427    1521    1302    1546
CTETRA      1347       1    1318    1418    1280    1456
CTETRA      1348       1     739    1347    1264    1411
CTETRA      1349       1     822     772     773    1276
CTETRA      1350       1    1058    1266    1062    1390
CTETRA      1351       1    1275    1418    1318    1456
CTETRA      1352       1     632    1281     821    1532
CTETRA      1353       1    1288    1354     703    1424
CTETRA      1354       1     615    1325     517    1357
CTETRA      1355       1     738     892     897    1330
CTETRA      1356       1     851    1256     923    1527
CTETRA      1357       1     764     877    1275    1512
CTETRA      1358       1    1260    1397     719    1483
CTETRA      1359       1     819     796     795    1323
CTETRA      1360       1     869     277    1356    1470
CTETRA      1361       1    1065    1279    1064    1390
CTETRA      1362       1    1066    1064    1065    1279
CTETRA      1363       1     733     731     734    1271
CTETRA      1364       1    1034    1035    1032    1271
CTETRA      1365       1     578     620     502    1327
CTETRA      1366       1     800     888    1427    1556
CTETRA      1367       1    1212    1361    1294    1459
CTETRA      1368       1     898     774     776    1279
CTETRA      1369       1    1295    1361    1204    1473
CTETRA      1370       1     858     880     783    1285
CTETRA      1371       1     796    1427     797    1519
CTETRA      1372       1    1159    1286    1019    1379
CTETRA      1373       1    1437    1493    1316    1526
CTETRA      1374       1    1356    1464     420    1477
CTETRA      1375       1    1161    1034    1054    1525
CTETRA      1376       1     557    1363     599    1461
CTETRA      1377       1    1263    1493    1437    1526
CTETRA      1378       1     700     698    1257    1406
CTETRA      1379       1     938    1113    1092    1346
CTETRA      1380       1    1184    1377    1283    1536
CTETRA      1381       1     735    1350    1277    1434
CTETRA      1382       1     391    1370    1305    1472
CTETRA      1383       1     608     514     607    1321
CTETRA      1384       1     809     827     881    1343
CTETRA      1385       1    1120    1068    1160    1276
CTETRA      1386       1     699     914    1310    1370
CTETRA      1387       1     877     762    1275    1418
CTETRA      1388       1    1177    1178    1106    1281
CTETRA      1389       1     600     603     515    1322
CTETRA      1390       1    1300    1382     580    1545
CTETRA      1391       1     884     809     881    1343
CTETRA      1392       1     499     614    1484    1529
CTETRA      1393       1    1144    1074    1275    1541
CTETRA      1394       1     403     350     414    1491
CTETRA      1395       1     421     311     416    1359
CTETRA      1396       1     742     672     743    1322
CTETRA      1397       1    1041    1264    1039    1531
CTETRA      1398       1    1139    1319    1033    1371
CTETRA      1399       1    1412    1485    1350    1542
CTETRA      1400       1     422     416     369    1359
CTETRA      1401       1     689    1497    1403    1511
CTETRA      1402       1     839     468     502    1352
CTETRA      1403       1     502     664     839    1352
CTETRA      1404       1     863     794     793    1291
CTETRA      1405       1    1204    1295    1469    1522
CTETRA      1406       1     816    1282     815    1543
CTETRA      1407       1    1184    1110    1377    1536
CTETRA      1408       1     873     705     904    1354
CTETRA      1409       1    1167     366    1361    1459
CTETRA      1410       1     453    1502     788    1562
CTETRA      1411       1    1198    1273    1498    1499
CTETRA      1412       1     476    1316     929    1362
CTETRA      1413       1     832     729     514    1350
CTETRA      1414       1     674    1274     704    1515
CTETRA      1415       1     647     916     870    1540
CTETRA      1416       1     470     832     514    1350
CTETRA      1417       1     368     401     276    1349
CTETRA      1418       1    1279    1452    1066    1513
CTETRA      1419       1     574    1281     533    1377
CTETRA      1420       1     291     415    1334    1516
CTETRA      1421       1     720     715    1260    1416
CTETRA      1422       1     453     788     506    1562
CTETRA      1423       1     275     398     359    1348
CTETRA      1424       1     726     725    1267    1446
CTETRA      1425       1     761    1280     759    1418
CTETRA      1426       1     723    1306     866    1465
CTETRA      1427       1     320     271     386    1358
CTETRA      1428       1    1171    1008    1454    1476
CTETRA      1429       1     436    1298    1399    1462
CTETRA      1430       1     683    1263     684    1559
CTETRA      1431       1    1090    1259    1346    1417
CTETRA      1432       1     852    1344    1255    1455
CTETRA      1433       1     669    1457     841    1458
CTETRA      1434       1    1078    1289    1076    1555
CTETRA      1435       1     867    1296    1353    1376
CTETRA      1436       1     869     277     911    1356
CTETRA      1437       1     402    1317     394    1558
CTETRA      1438       1    1017    1286    1159    1372
CTETRA      1439       1    1255    1331    1298    1503
CTETRA      1440       1     982    1263     984    1493
CTETRA      1441       1     721     909    1294    1397
CTETRA      1442       1     702    1274    1352    1424
CTETRA      1443       1     412     410     349    1323
CTETRA      1444       1    1154    1224    1255    1414
CTETRA      1445       1    1080    1272    1081    1555
CTETRA      1446       1     385     437     308    1346
CTETRA      1447       1    1120    1276    1160    1439
CTETRA      1448       1     531     470     596    1350
CTETRA      1449       1     422    1378    1303    1468
CTETRA      1450       1    1320    1401     791    1494
CTETRA      1451       1     990    1339     993    1436
CTETRA      1452       1     758    1280     761    1440
CTETRA      1453       1     392    1307     332    1561
CTETRA      1454       1     629     905     511    1529
CTETRA      1455       1     911     347     650    1356
CTETRA      1456       1     554     618    1340    1372
CTETRA      1457       1    1300    1429     780    1474
CTETRA      1458       1    1268    1351     819    1438
CTETRA      1459       1     361    1282     385    1543
CTETRA      1460       1     424     269    1309    1364
CTETRA      1461       1     644     884    1413    1455
CTETRA      1462       1     662     795     349    1351
CTETRA      1463       1     634    1301     893    1367
CTETRA      1464       1    1064    1279    1066    1513
CTETRA      1465       1     551    1321     666    1457
CTETRA      1466       1    1022    1387    1294    1395
CTETRA      1467       1     799    1259     798    1521
CTETRA      1468       1     669     835     841    1457
CTETRA      1469       1     613     565    1374    1560
CTETRA      1470       1     721    1397    1294    1483
CTETRA      1471       1     362     404     279    1351
CTETRA      1472       1     785     767    1283    1401
CTETRA      1473       1    1136    1319    1139    1375
CTETRA      1474       1    1144    1132    1074    1541
CTETRA      1475       1     768     767     769    1425
CTETRA      1476       1    1156    1374    1297    1560
CTETRA      1477       1     551    1371    1321    1457
CTETRA      1478       1     717    1388    1295    1397
CTETRA      1479       1     772    1357    1276    1386
CTETRA      1480       1    1313    1357     577    1478
CTETRA      1481       1     778     633     343    1349
CTETRA      1482       1    1160    1118    1325    1478
CTETRA      1483       1    1155    1293    1013    1451
CTETRA      1484       1    1098    1298     963    1398
CTETRA      1485       1     726    1267     724    1520
CTETRA      1486       1     349     362     662    1351
CTETRA      1487       1    1129    1212    1022    1294
CTETRA      1488       1     830     721     909    1294
CTETRA      1489       1    1304    1378     431    1468
CTETRA      1490       1     449     570    1329    1362
CTETRA      1491       1     350    1342     278    1491
CTETRA      1492       1    1307    1396    1364    1454
CTETRA      1493       1     908     779    1266    1440
CTETRA      1494       1    1198    1197    1093    1273
CTETRA      1495       1     359     284     642    1348
CTETRA      1496       1     276     343     633    1349
CTETRA      1497       1     515     672     741    1353
CTETRA      1498       1     759    1418    1280    1496
CTETRA      1499       1     882     861     802    1290
CTETRA      1500       1     612     466     552    1353
CTETRA      1501       1     522     673     755    1341
CTETRA      1502       1     642     782     359    1348
CTETRA      1503       1     881     827     879    1273
CTETRA      1504       1     719    1260     715    1388
CTETRA      1505       1    1096     963    1098    1298
CTETRA      1506       1     716     857     718    1286
CTETRA      1507       1    1019    1159    1017    1286
CTETRA      1508       1     290     650    1356    1477
CTETRA      1509       1     399    1314    1355    1513
CTETRA      1510       1     990    1339     505    1444
CTETRA      1511       1    1129    1294    1022    1387
CTETRA      1512       1     555     575     468    1352
CTETRA      1513       1     792     912    1272    1491
CTETRA      1514       1     899     831     855    1292
CTETRA      1515       1    1203    1157    1130    1292
CTETRA      1516       1    1052    1261    1053    1447
CTETRA      1517       1    1271    1350     731    1434
CTETRA      1518       1    1340    1372     618    1445
CTETRA      1519       1     924     852    1255    1455
CTETRA      1520       1    1189    1291    1191    1402
CTETRA      1521       1    1022    1294    1212    1522
CTETRA      1522       1     855    1292     831    1524
CTETRA      1523       1    1090    1259    1089    1391
CTETRA      1524       1    1317    1349    1266    1429
CTETRA      1525       1     732    1261     752    1383
CTETRA      1526       1     428    1459    1356    1470
CTETRA      1527       1     992    1270     991    1444
CTETRA      1528       1     793    1291     794    1421
CTETRA      1529       1     740    1264     739    1386
CTETRA      1530       1     555     590     575    1274
CTETRA      1531       1    1032    1034    1271    1393
CTETRA      1532       1     436     442     285    1298
CTETRA      1533       1     911     277     347    1356
CTETRA      1534       1    1277    1347     737    1411
CTETRA      1535       1    1126    1258    1128    1395
CTETRA      1536       1    1310    1370     441    1472
CTETRA      1537       1     843    1262     837    1383
CTETRA      1538       1     928     296     432    1517
CTETRA      1539       1    1297    1374     565    1560
CTETRA      1540       1     287     431    1304    1378
CTETRA      1541       1     859     787    1342    1480
CTETRA      1542       1    1191    1189    1083    1291
CTETRA      1543       1     769     787     860    1289
CTETRA      1544       1     606     531     596    1277
CTETRA      1545       1     797    1259     799    1430
CTETRA      1546       1    1087    1268    1086    1391
CTETRA      1547       1     994    1270     992    1554
CTETRA      1548       1    1158    1304     945    1468
CTETRA      1549       1     701    1257     698    1540
CTETRA      1550       1     471     801    1322    1458
CTETRA      1551       1    1046    1262    1136    1394
CTETRA      1552       1    1069    1303    1181    1468
CTETRA      1553       1    1313    1357    1276    1385
CTETRA      1554       1    1024    1165    1306    1369
CTETRA      1555       1     689     469    1497    1511
CTETRA      1556       1     337    1303     422    1378
CTETRA      1557       1    1040    1264    1041    1439
CTETRA      1558       1    1316    1484     614    1529
CTETRA      1559       1     515     741     466    1353
CTETRA      1560       1     853     749    1329    1484
CTETRA      1561       1     993    1258    1126    1436
CTETRA      1562       1     856     725     727    1376
CTETRA      1563       1     802     882    1290    1491
CTETRA      1564       1     895     668     867    1296
CTETRA      1565       1     913    1266     779    1429
CTETRA      1566       1    1001    1257     999    1448
CTETRA      1567       1     471    1322    1375    1458
CTETRA      1568       1     687     915     854    1297
CTETRA      1569       1     688     680     679    1299
CTETRA      1570       1    1339    1497     469    1511
CTETRA      1571       1     402     394     302    1558
CTETRA      1572       1    1085    1086    1268    1405
CTETRA      1573       1    1320    1494     581    1536
CTETRA      1574       1    1157    1130    1292    1387
CTETRA      1575       1     270     377     392    1561
CTETRA      1576       1     700    1257     701    1424
CTETRA      1577       1     897     891     736    1287
CTETRA      1578       1    1202    1037    1187    1287
CTETRA      1579       1    1175    1180    1061    1280
CTETRA      1580       1    1027    1267    1026    1441
CTETRA      1581       1     405    1323     412    1519
CTETRA      1582       1     688    1299     679    1408
CTETRA      1583       1     685     853     712    1293
CTETRA      1584       1     486    1103     956    1431
CTETRA      1585       1    1103     486     545    1431
CTETRA      1586       1    1260    1338     720    1416
CTETRA      1587       1    1285    1349     858    1440
CTETRA      1588       1    1043    1269    1045    1394
CTETRA      1589       1     928     980     296    1517
CTETRA      1590       1     606     461     531    1347
CTETRA      1591       1    1335    1492     579    1496
CTETRA      1592       1     717    1295     900    1397
CTETRA      1593       1     644     488     817    1455
CTETRA      1594       1     877    1348    1275    1512
CTETRA      1595       1     587    1336    1499    1505
CTETRA      1596       1     788     667     506    1562
CTETRA      1597       1    1021    1260    1016    1479
CTETRA      1598       1    1241    1332     976    1384
CTETRA      1599       1     984    1263     985    1526
CTETRA      1600       1    1033    1261    1052    1393
CTETRA      1601       1     503     472     747    1509
CTETRA      1602       1     533     574     576    1281
CTETRA      1603       1     690    1270     691    1511
CTETRA      1604       1     785    1283     804    1494
CTETRA      1605       1     879     881    1273    1413
CTETRA      1606       1     876    1284    1512    1553
CTETRA      1607       1    1001     998    1327    1448
CTETRA      1608       1     279     404     414    1290
CTETRA      1609       1    1298    1399    1343    1498
CTETRA      1610       1     406     401     368    1285
CTETRA      1611       1    1090    1091    1259    1417
CTETRA      1612       1    1180    1280    1175    1404
CTETRA      1613       1     755     747     472    1509
CTETRA      1614       1    1003    1005    1274    1537
CTETRA      1615       1     829     692    1258    1524
CTETRA      1616       1    1018    1204    1201    1295
CTETRA      1617       1     717     896     900    1295
CTETRA      1618       1     642    1348     284    1475
CTETRA      1619       1    1463    1527    1299    1559
CTETRA      1620       1     358    1342    1122    1508
CTETRA      1621       1     852     808     924    1255
CTETRA      1622       1    1292    1356     855    1477
CTETRA      1623       1    1036    1277    1038    1538
CTETRA      1624       1     691    1270     693    1552
CTETRA      1625       1    1002    1257    1001    1409
CTETRA      1626       1    1208    1207    1004    1288
CTETRA      1627       1     904     703     903    1288
CTETRA      1628       1     305    1051    1361    1473
CTETRA      1629       1     570     510    1329    1362
CTETRA      1630       1     771    1313     770    1474
CTETRA      1631       1    1277    1538    1036    1542
CTETRA      1632       1    1143    1262    1046    1466
CTETRA      1633       1    1020    1260    1021    1522
CTETRA      1634       1    1062    1266    1060    1523
CTETRA      1635       1     774     776    1279    1474
CTETRA      1636       1     354     398     396    1284
CTETRA      1637       1     535     589     586    1283
CTETRA      1638       1     273     421    1301    1367
CTETRA      1639       1     428    1356     277    1470
CTETRA      1640       1    1035    1271    1034    1525
CTETRA      1641       1     985    1263     982    1443
CTETRA      1642       1     756     889    1303    1378
CTETRA      1643       1     449     571     570    1362
CTETRA      1644       1     856     645    1304    1378
CTETRA      1645       1     738     739    1264    1411
CTETRA      1646       1    1008    1265    1010    1454
CTETRA      1647       1     797    1259    1430    1519
CTETRA      1648       1     965    1206    1312    1372
CTETRA      1649       1     366     322    1167    1361
CTETRA      1650       1     720    1338    1260    1483
CTETRA      1651       1     442     285    1298    1398
CTETRA      1652       1     331    1304     431    1468
CTETRA      1653       1    1082    1084    1290    1547
CTETRA      1654       1     861    1351    1290    1438
CTETRA      1655       1    1016    1260    1020    1469
CTETRA      1656       1    1142    1285    1059    1549
CTETRA      1657       1    1286    1019    1379    1467
CTETRA      1658       1    1215    1156    1297    1560
CTETRA      1659       1    1043    1047    1269    1528
CTETRA      1660       1     772    1276     822    1386
CTETRA      1661       1     290     650     347    1356
CTETRA      1662       1     313     422    1303    1468
CTETRA      1663       1    1292    1387    1130    1500
CTETRA      1664       1     692     825    1258    1497
CTETRA      1665       1    1017    1467    1286    1469
CTETRA      1666       1    1212    1167    1361    1459
CTETRA      1667       1     489    1312     610    1372
CTETRA      1668       1     898     868    1355    1429
CTETRA      1669       1    1076    1075    1071    1337
CTETRA      1670       1    1177    1281    1106    1431
CTETRA      1671       1     680    1299     688    1527
CTETRA      1672       1     829    1258     825    1483
CTETRA      1673       1     417    1419    1306    1473
CTETRA      1674       1     417     310    1306    1369
CTETRA      1675       1    1287    1334    1434    1525
CTETRA      1676       1     991    1270     994    1500
CTETRA      1677       1     820     800    1268    1556
CTETRA      1678       1    1202    1287    1187    1422
CTETRA      1679       1    1334    1271    1434    1525
CTETRA      1680       1    1025    1026    1267    1506
CTETRA      1681       1     878     798     885    1427
CTETRA      1682       1    1039    1264    1040    1426
CTETRA      1683       1     605    1363    1315    1461
CTETRA      1684       1     684    1263     683    1450
CTETRA      1685       1     522     673    1341    1511
CTETRA      1686       1     602    1375    1319    1458
CTETRA      1687       1    1208    1392    1288    1504
CTETRA      1688       1     878     798    1427    1521
CTETRA      1689       1     602    1319    1371    1457
CTETRA      1690       1     880     783    1285    1475
CTETRA      1691       1     707     705     873    1354
CTETRA      1692       1     449     571    1362    1484
CTETRA      1693       1     402     302    1317    1558
CTETRA      1694       1     687    1297     854    1529
CTETRA      1695       1    1224    1097    1154    1255
CTETRA      1696       1    1044    1136    1375    1394
CTETRA      1697       1     890     889     745    1428
CTETRA      1698       1     872     652     918    1561
CTETRA      1699       1    1270    1403     690    1507
CTETRA      1700       1     774     898     894    1385
CTETRA      1701       1    1060    1266    1058    1410
CTETRA      1702       1     590    1274     555    1515
CTETRA      1703       1     605     508     474    1315
CTETRA      1704       1     693    1270     690    1507
CTETRA      1705       1     863     794    1291    1438
CTETRA      1706       1    1293    1396     712    1450
CTETRA      1707       1     612     552     604    1296
CTETRA      1708       1    1142    1059    1285    1410
CTETRA      1709       1     725     724    1267    1465
CTETRA      1710       1     522     755     472    1341
CTETRA      1711       1     621     561     473    1344
CTETRA      1712       1    1019    1286    1017    1467
CTETRA      1713       1    1289    1283    1401    1555
CTETRA      1714       1     836    1357     772    1386
CTETRA      1715       1     772     771     773    1385
CTETRA      1716       1     517    1325     617    1551
CTETRA      1717       1     853    1293     685    1484
CTETRA      1718       1    1009    1010    1265    1451
CTETRA      1719       1     385    1282    1346    1543
CTETRA      1720       1     448     605     497    1515
CTETRA      1721       1     290    1356     420    1477
CTETRA      1722       1     924    1344     852    1455
CTETRA      1723       1    1007    1315    1504    1535
CTETRA      1724       1     465     559     622    1345
CTETRA      1725       1     830    1356    1294    1470
CTETRA      1726       1     831    1292     899    1507
CTETRA      1727       1     721    1294     830    1483
CTETRA      1728       1     880    1285     858    1440
CTETRA      1729       1    1009    1265    1008    1476
CTETRA      1730       1    1051    1204    1361    1473
CTETRA      1731       1     990     505     971    1444
CTETRA      1732       1     680    1299    1527    1559
CTETRA      1733       1    1203    1292    1130    1501
CTETRA      1734       1    1031    1371    1033    1393
CTETRA      1735       1    1009    1363    1265    1476
CTETRA      1736       1    1263    1482     684    1559
CTETRA      1737       1    1118    1119    1160    1325
CTETRA      1738       1     602     597    1375    1458
CTETRA      1739       1     322     961    1167    1361
CTETRA      1740       1     987    1223    1153    1256
CTETRA      1741       1    1017    1286    1340    1469
CTETRA      1742       1     793     863    1291    1415
CTETRA      1743       1     800    1427    1268    1556
CTETRA      1744       1     602    1371     593    1457
CTETRA      1745       1    1018    1204    1295    1469
CTETRA      1746       1    1079    1080    1081    1555
CTETRA      1747       1    1077    1122    1080    1555
CTETRA      1748       1     560     621    1344    1455
CTETRA      1749       1    1280    1440    1335    1523
CTETRA      1750       1     749     711     853    1329
CTETRA      1751       1     787    1289     769    1401
CTETRA      1752       1     403     358    1342    1373
CTETRA      1753       1     541     817     488    1455
CTETRA      1754       1    1335    1440    1266    1523
CTETRA      1755       1    1036    1038    1277    1426
CTETRA      1756       1     716    1286     718    1388
CTETRA      1757       1    1324    1343    1255    1455
CTETRA      1758       1     860    1289     787    1480
CTETRA      1759       1    1207    1288    1208    1550
CTETRA      1760       1    1057    1317     302    1558
CTETRA      1761       1    1007    1504    1005    1535
CTETRA      1762       1    1110     534     955    1377
CTETRA      1763       1     478     955     534    1377
CTETRA      1764       1    1106     955     478    1377
CTETRA      1765       1     478     533    1106    1377
CTETRA      1766       1     820    1268     819    1438
CTETRA      1767       1     959    1070     356    1360
CTETRA      1768       1     356    1070     299    1360
CTETRA      1769       1     704    1274     702    1424
CTETRA      1770       1     735    1277     737    1434
CTETRA      1771       1     957    1325     516    1551
CTETRA      1772       1    1315    1461     706    1515
CTETRA      1773       1    1032    1393    1271    1485
CTETRA      1774       1    1265    1354    1309    1476
CTETRA      1775       1    1007    1315    1363    1476
CTETRA      1776       1    1084    1082    1290    1442
CTETRA      1777       1     961     322    1051    1361
CTETRA      1778       1     904    1288     903    1495
CTETRA      1779       1    1068    1160    1276    1478
CTETRA      1780       1     681     684    1482    1559
CTETRA      1781       1     816     815    1282    1430
CTETRA      1782       1    1086    1391    1268    1486
CTETRA      1783       1     997    1278     996    1448
CTETRA      1784       1    1092    1346    1282    1417
CTETRA      1785       1    1081    1272    1080    1442
CTETRA      1786       1     695    1278     696    1509
CTETRA      1787       1    1032    1271    1035    1412
CTETRA      1788       1    1007    1363    1009    1476
CTETRA      1789       1     281    1317     402    1355
CTETRA      1790       1    1197    1273    1198    1499
CTETRA      1791       1     590     575    1274    1537
CTETRA      1792       1     424    1392    1309    1495
CTETRA      1793       1     680    1527    1463    1559
CTETRA      1794       1     606    1277     596    1538
CTETRA      1795       1    1256    1332    1299    1527
CTETRA      1796       1    1096    1298    1098    1503
CTETRA      1797       1    1040    1264    1439    1551
CTETRA      1798       1     894     883     773    1385
CTETRA      1799       1     891    1287     897    1516
CTETRA      1800       1    1005    1003    1274    1504
CTETRA      1801       1     887     744     889    1428
CTETRA      1802       1     285     963     387    1399
CTETRA      1803       1    1098    1298    1398    1503
CTETRA      1804       1     320    1299     443    1408
CTETRA      1805       1    1184    1283    1183    1536
CTETRA      1806       1     300    1314     399    1400
CTETRA      1807       1     659     816     815    1543
CTETRA      1808       1    1076    1077    1289    1508
CTETRA      1809       1     781     564     657    1347
CTETRA      1810       1    1005    1535    1274    1537
CTETRA      1811       1     296     386     432    1517
CTETRA      1812       1    1285    1142    1410    1456
CTETRA      1813       1     758     759    1280    1496
CTETRA      1814       1     336    1334     427    1533
CTETRA      1815       1     685    1293     712    1450
CTETRA      1816       1    1305    1278    1552    1554
CTETRA      1817       1     796    1323    1427    1519
CTETRA      1818       1     731     734    1271    1434
CTETRA      1819       1    1086    1268    1405    1486
CTETRA      1820       1     688    1299    1408    1527
CTETRA      1821       1    1283    1377     589    1536
CTETRA      1822       1    1271    1334    1308    1525
CTETRA      1823       1     614     562     476    1316
CTETRA      1824       1     859     910     787    1480
CTETRA      1825       1     716     857    1286    1445
CTETRA      1826       1     923    1256     851    1453
CTETRA      1827       1     885     800     888    1427
CTETRA      1828       1    1277    1350     596    1542
CTETRA      1829       1    1077    1076    1289    1555
CTETRA      1830       1     599    1363     605    1461
CTETRA      1831       1     732    1261    1383    1457
CTETRA      1832       1    1043    1269    1394    1490
CTETRA      1833       1    1316    1362     614    1484
CTETRA      1834       1    1430    1519    1346    1543
CTETRA      1835       1     596    1538    1277    1542
CTETRA      1836       1     992    1270    1444    1554
CTETRA      1837       1    1180    1280    1404    1492
CTETRA      1838       1     719    1260    1388    1397
CTETRA      1839       1     356     959    1360    1508
CTETRA      1840       1     862     753     733    1432
CTETRA      1841       1    1175    1404    1280    1456
CTETRA      1842       1    1346    1430    1259    1519
CTETRA      1843       1    1059    1549    1410    1558
CTETRA      1844       1     670    1388     715    1416
CTETRA      1845       1     589     586    1283    1536
CTETRA      1846       1     396    1284     398    1544
CTETRA      1847       1     766     821    1281    1553
CTETRA      1848       1     718    1388    1286    1489
CTETRA      1849       1     404     414    1290    1547
CTETRA      1850       1     875     876    1284    1512
CTETRA      1851       1     406     401    1285    1549
CTETRA      1852       1     875    1284     876    1544
CTETRA      1853       1    1110     534    1377    1536
CTETRA      1854       1     901    1477    1305    1507
CTETRA      1855       1     627     711    1329    1461
CTETRA      1856       1     924    1255     808    1455
CTETRA      1857       1     533    1281     576    1431
CTETRA      1858       1    1092    1282    1094    1498
CTETRA      1859       1     386     443     320    1299
CTETRA      1860       1     494     971     505    1444
CTETRA      1861       1     982    1263    1365    1517
CTETRA      1862       1     837    1383    1262    1458
CTETRA      1863       1     896    1295     717    1489
CTETRA      1864       1     809     815     827    1343
CTETRA      1865       1     891     736    1287    1434
CTETRA      1866       1    1306    1467    1165    1473
CTETRA      1867       1     606    1347    1277    1538
CTETRA      1868       1     991    1339     990    1444
CTETRA      1869       1    1199    1296    1166    1548
CTETRA      1870       1     620     504     503    1509
CTETRA      1871       1    1068    1276    1452    1478
CTETRA      1872       1    1025    1267    1369    1506
CTETRA      1873       1     990     993    1146    1436
CTETRA      1874       1    1009    1265    1363    1451
CTETRA      1875       1    1032    1271    1412    1485
CTETRA      1876       1     668    1296     895    1502
CTETRA      1877       1     588     529    1336    1546
CTETRA      1878       1    1300    1335    1266    1523
CTETRA      1879       1    1259    1336    1302    1521
CTETRA      1880       1    1266    1058    1410    1558
CTETRA      1881       1     880    1418    1285    1440
CTETRA      1882       1     771    1385    1313    1474
CTETRA      1883       1    1215    1297     988    1560
CTETRA      1884       1    1315    1354    1265    1476
CTETRA      1885       1    1294    1356     830    1524
CTETRA      1886       1    1154    1255    1381    1414
CTETRA      1887       1     604     612    1296    1548
CTETRA      1888       1    1288    1420     903    1495
CTETRA      1889       1     575    1352    1274    1537
CTETRA      1890       1    1096    1298    1503    1530
CTETRA      1891       1    1054    1308    1393    1447
CTETRA      1892       1     879    1413    1273    1505
CTETRA      1893       1    1298    1343    1255    1530
CTETRA      1894       1     891     813     648    1516
CTETRA      1895       1     401    1349    1285    1549
CTETRA      1896       1     876    1449    1284    1553
CTETRA      1897       1     781     461     564    1347
CTETRA      1898       1    1036    1277    1412    1426
CTETRA      1899       1     627     708     711    1461
CTETRA      1900       1    1258    1387    1128    1395
CTETRA      1901       1     666    1321     730    1457
CTETRA      1902       1    1016    1469    1340    1479
CTETRA      1903       1    1018    1295    1201    1467
CTETRA      1904       1     442    1298     436    1471
CTETRA      1905       1    1084    1290    1405    1442
CTETRA      1906       1     551     607    1321    1371
CTETRA      1907       1    1410    1549    1349    1558
CTETRA      1908       1    1218    1451    1307    1454
CTETRA      1909       1    1277    1411     737    1434
CTETRA      1910       1    1037    1287    1202    1426
CTETRA      1911       1     535    1283     586    1494
CTETRA      1912       1     521     572    1335    1545
CTETRA      1913       1     431     316    1366    1506
CTETRA      1914       1     406    1285     368    1475
CTETRA      1915       1    1282    1430    1343    1498
CTETRA      1916       1    1127     355     938    1346
CTETRA      1917       1     755     472    1341    1509
CTETRA      1918       1     861    1290     882    1438
CTETRA      1919       1     404    1290    1351    1547
CTETRA      1920       1    1270    1341     691    1511
CTETRA      1921       1     691    1341    1270    1552
CTETRA      1922       1     612    1353    1296    1548
CTETRA      1923       1     771     770     775    1474
CTETRA      1924       1    1343    1430    1273    1498
CTETRA      1925       1     305    1051     322    1361
CTETRA      1926       1     681     683     684    1559
CTETRA      1927       1     766     632     765    1425
CTETRA      1928       1    1286    1159    1372    1379
CTETRA      1929       1    1077    1289    1508    1555
CTETRA      1930       1    1112     387     963    1399
CTETRA      1931       1     996    1448    1278    1460
CTETRA      1932       1     419    1378     422    1468
CTETRA      1933       1    1235    1381    1331    1518
CTETRA      1934       1     765     804     767    1425
CTETRA      1935       1    1191    1291    1083    1405
CTETRA      1936       1    1199    1539    1296    1548
CTETRA      1937       1    1139    1319     967    1375
CTETRA      1938       1    1001     998     962    1327
CTETRA      1939       1     603     471    1322    1375
CTETRA      1940       1     483     608     607    1485
CTETRA      1941       1    1140     351     940    1513
CTETRA      1942       1     399    1400    1314    1487
CTETRA      1943       1     806    1298     807    1471
CTETRA      1944       1    1037    1187    1287    1412
CTETRA      1945       1     500    1340    1416    1479
CTETRA      1946       1     283     405     412    1519
CTETRA      1947       1     827     879    1273    1430
CTETRA      1948       1    1215    1365     983    1493
CTETRA      1949       1     650     855    1356    1477
CTETRA      1950       1    1197    1093    1273    1417
CTETRA      1951       1     769    1289     860    1449
CTETRA      1952       1     981    1299     989    1488
CTETRA      1953       1    1093    1198    1273    1498
CTETRA      1954       1     552     604    1296    1502
CTETRA      1955       1    1351    1405    1268    1486
CTETRA      1956       1    1157    1292    1203    1464
CTETRA      1957       1     753     906     751    1432
CTETRA      1958       1     830     869    1356    1470
CTETRA      1959       1     577    1357     566    1478
CTETRA      1960       1    1139    1134    1319    1371
CTETRA      1961       1    1280    1418     761    1440
CTETRA      1962       1     485     591    1326    1557
CTETRA      1963       1     736     897    1287    1411
CTETRA      1964       1    1083    1291    1189    1442
CTETRA      1965       1    1204    1361    1295    1522
CTETRA      1966       1     403     303     358    1373
CTETRA      1967       1     283     412    1323    1519
CTETRA      1968       1     808     809     884    1343
CTETRA      1969       1     399    1355     301    1513
CTETRA      1970       1     614    1362     571    1484
CTETRA      1971       1    1181     949    1182    1466
CTETRA      1972       1    1273    1343    1324    1413
CTETRA      1973       1     774    1385     771    1474
CTETRA      1974       1     534     589    1377    1536
CTETRA      1975       1     431    1378     419    1468
CTETRA      1976       1     686     851     923    1527
CTETRA      1977       1    1305    1552    1501    1554
CTETRA      1978       1     801     743    1322    1458
CTETRA      1979       1    1004    1208    1288    1504
CTETRA      1980       1    1012    1362    1155    1451
CTETRA      1981       1    1180    1061    1280    1410
CTETRA      1982       1    1278    1406     696    1509
CTETRA      1983       1     560     817     541    1455
CTETRA      1984       1    1287    1187    1422    1514
CTETRA      1985       1     725    1267    1366    1465
CTETRA      1986       1     700     702    1352    1424
CTETRA      1987       1    1201    1295    1204    1473
CTETRA      1988       1    1207    1004    1288    1409
CTETRA      1989       1    1290    1421     882    1438
CTETRA      1990       1    1199    1166    1296    1528
CTETRA      1991       1     988    1297    1215    1493
CTETRA      1992       1     852    1255    1344    1518
CTETRA      1993       1    1299    1365    1256    1463
CTETRA      1994       1     604    1296    1539    1548
CTETRA      1995       1     981    1299    1488    1517
CTETRA      1996       1     903    1288     703    1424
CTETRA      1997       1    1212    1294    1129    1459
CTETRA      1998       1    1175    1280    1061    1456
CTETRA      1999       1    1267    1441    1027    1481
CTETRA      2000       1    1231    1331     847    1518
CTETRA      2001       1    1134     507    1319    1371
CTETRA      2002       1     308     938     355    1346
CTETRA      2003       1     899    1292     855    1477
CTETRA      2004       1     412     306     410    1486
CTETRA      2005       1     544     451    1118    1478
CTETRA      2006       1    1186    1117    1176    1382
CTETRA      2007       1    1260    1395    1021    1522
CTETRA      2008       1     426     341     411    1367
CTETRA      2009       1    1311    1330    1264    1531
CTETRA      2010       1     851    1256    1435    1453
CTETRA      2011       1     570    1329     496    1363
CTETRA      2012       1    1003    1409    1274    1504
CTETRA      2013       1    1058    1390    1063    1558
CTETRA      2014       1     896     900    1295    1510
CTETRA      2015       1     450    1297     512    1529
CTETRA      2016       1    1164    1211    1054    1533
CTETRA      2017       1     490     967    1319    1375
CTETRA      2018       1    1097    1255    1224    1530
CTETRA      2019       1    1020    1469    1260    1522
CTETRA      2020       1     851    1435    1345    1453
CTETRA      2021       1     600     492     603    1490
CTETRA      2022       1     863    1438    1291    1556
CTETRA      2023       1    1199    1296    1481    1528
CTETRA      2024       1     450     565     512    1297
CTETRA      2025       1    1016    1260    1469    1479
CTETRA      2026       1    1403    1497    1339    1511
CTETRA      2027       1    1350    1412    1271    1485
CTETRA      2028       1     456     636    1338    1416
CTETRA      2029       1     593    1371     551    1457
CTETRA      2030       1     689     692    1403    1497
CTETRA      2031       1    1040    1426    1264    1551
CTETRA      2032       1    1177    1368    1281    1431
CTETRA      2033       1    1067    1314    1145    1513
CTETRA      2034       1     981    1488     980    1517
CTETRA      2035       1     619    1444    1341    1460
CTETRA      2036       1    1007    1315    1023    1363
CTETRA      2037       1    1014    1023    1007    1315
CTETRA      2038       1    1136    1139     967    1375
CTETRA      2039       1     477     620     578    1327
CTETRA      2040       1    1108     975    1174    1545
CTETRA      2041       1    1294    1361    1212    1522
CTETRA      2042       1     291     352     415    1516
CTETRA      2043       1     396    1360    1284    1544
CTETRA      2044       1     323    1473    1361    1510
CTETRA      2045       1     456     567     636    1416
CTETRA      2046       1    1100     960     353    1486
CTETRA      2047       1     830    1294     909    1470
CTETRA      2048       1     550     483    1131    1485
CTETRA      2049       1     483    1030    1131    1485
CTETRA      2050       1     829    1258    1483    1524
CTETRA      2051       1    1361    1459     435    1470
CTETRA      2052       1    1287    1202    1426    1531
CTETRA      2053       1     737    1347     739    1411
CTETRA      2054       1     306    1100     353    1486
CTETRA      2055       1     557     722     627    1461
CTETRA      2056       1     722     557     448    1461
CTETRA      2057       1    1018    1295    1467    1469
CTETRA      2058       1     727     895    1376    1446
CTETRA      2059       1     448     599     605    1461
CTETRA      2060       1    1101     272     930    1534
CTETRA      2061       1     705     703     904    1354
CTETRA      2062       1     590    1274    1535    1537
CTETRA      2063       1     351    1140     301    1513
CTETRA      2064       1     706     705     707    1354
CTETRA      2065       1     621    1414    1344    1455
CTETRA      2066       1     361     385     280    1543
CTETRA      2067       1     641     527     462    1557
CTETRA      2068       1     462     803     641    1557
CTETRA      2069       1     442    1398    1298    1471
CTETRA      2070       1    1299    1358     386    1517
CTETRA      2071       1     792    1272    1421    1491
CTETRA      2072       1    1340    1469    1260    1479
CTETRA      2073       1     577    1313     480    1382
CTETRA      2074       1     816    1519    1430    1543
CTETRA      2075       1     471    1375     597    1458
CTETRA      2076       1     981    1365    1299    1517
CTETRA      2077       1     462    1546     803    1557
CTETRA      2078       1     797    1430     816    1519
CTETRA      2079       1    1308    1393    1271    1525
CTETRA      2080       1     692    1403    1258    1524
CTETRA      2081       1    1215     988    1156    1560
CTETRA      2082       1     953     475     559    1374
CTETRA      2083       1     883     894     789    1400
CTETRA      2084       1     841    1457    1383    1458
CTETRA      2085       1    1011    1170    1217    1454
CTETRA      2086       1    1139    1033    1134    1371
CTETRA      2087       1     326     441    1370    1472
CTETRA      2088       1     903     916    1420    1540
CTETRA      2089       1     384     339     438    1534
CTETRA      2090       1     968    1017    1138    1340
CTETRA      2091       1     994    1500    1270    1501
CTETRA      2092       1     794    1421    1291    1438
CTETRA      2093       1    1101     338     272    1534
CTETRA      2094       1     733     730     731    1432
CTETRA      2095       1    1022    1395    1294    1522
CTETRA      2096       1     746     867     742    1376
CTETRA      2097       1     661     283    1323    1519
CTETRA      2098       1    1200    1324    1198    1530
CTETRA      2099       1    1324    1343    1273    1498
CTETRA      2100       1    1193    1433    1301    1447
CTETRA      2101       1     551     593     607    1371
CTETRA      2102       1    1067    1314    1163    1487
CTETRA      2103       1    1345    1435    1256    1453
CTETRA      2104       1    1059    1410    1058    1558
CTETRA      2105       1    1071     933    1070    1360
CTETRA      2106       1     403    1342     350    1491
CTETRA      2107       1    1419    1473     439    1510
CTETRA      2108       1    1015    1016    1340    1479
CTETRA      2109       1    1295    1388     717    1489
CTETRA      2110       1     864    1484    1316    1529
CTETRA      2111       1     420    1464     430    1477
CTETRA      2112       1     424     418     269    1364
CTETRA      2113       1     680    1358    1299    1559
CTETRA      2114       1     775     774     771    1474
CTETRA      2115       1     880    1418     877    1475
CTETRA      2116       1     278     350     403    1342
CTETRA      2117       1    1187    1287    1412    1525
CTETRA      2118       1     443    1299     386    1488
CTETRA      2119       1    1147     297    1333    1443
CTETRA      2120       1     885    1302    1427    1557
CTETRA      2121       1     727     895     867    1376
CTETRA      2122       1     857    1286    1445    1562
CTETRA      2123       1    1316    1437     864    1529
CTETRA      2124       1     436    1399     360    1462
CTETRA      2125       1    1263    1437     683    1450
CTETRA      2126       1    1289    1342    1272    1401
CTETRA      2127       1     560    1344     678    1455
CTETRA      2128       1    1272    1342    1289    1555
CTETRA      2129       1     423     431     316    1366
CTETRA      2130       1    1272    1289    1401    1555
CTETRA      2131       1     568    1327    1048    1460
CTETRA      2132       1     788    1502     902    1562
CTETRA      2133       1     915    1297     687    1463
CTETRA      2134       1    1118     954     544    1478
CTETRA      2135       1     690     689    1403    1511
CTETRA      2136       1    1272    1373    1080    1442
CTETRA      2137       1     403    1373    1342    1491
CTETRA      2138       1     764     762     763    1423
CTETRA      2139       1    1279    1385     774    1474
CTETRA      2140       1    1139    1053    1033    1433
CTETRA      2141       1    1203    1292    1407    1464
CTETRA      2142       1    1092    1417    1282    1498
CTETRA      2143       1     602     593     452    1457
CTETRA      2144       1     610    1372    1312    1562
CTETRA      2145       1    1136    1143    1139    1433
CTETRA      2146       1     603     597     471    1375
CTETRA      2147       1    1288    1392    1208    1550
CTETRA      2148       1    1267    1376    1441    1446
CTETRA      2149       1     518     597     602    1458
CTETRA      2150       1     695    1509    1341    1552
CTETRA      2151       1     732     730     751    1432
CTETRA      2152       1     712     853     711    1396
CTETRA      2153       1     732     666     730    1457
CTETRA      2154       1     509    1042     492    1490
CTETRA      2155       1    1292    1500    1130    1501
CTETRA      2156       1     341     426     304    1533
CTETRA      2157       1    1162    1493     984    1526
CTETRA      2158       1     399     388    1400    1487
CTETRA      2159       1     399     395     301    1355
CTETRA      2160       1    1172    1147     952    1333
CTETRA      2161       1    1154    1255    1097    1503
CTETRA      2162       1     432     386    1358    1517
CTETRA      2163       1     936    1436    1395    1479
CTETRA      2164       1    1274    1424    1354    1504
CTETRA      2165       1     864    1437    1316    1484
CTETRA      2166       1    1038    1538    1426    1551
CTETRA      2167       1     614    1316     476    1362
CTETRA      2168       1     855    1356    1292    1524
CTETRA      2169       1     323     305    1361    1473
CTETRA      2170       1     313     419     422    1468
CTETRA      2171       1     831    1403    1292    1507
CTETRA      2172       1    1264    1426    1039    1531
CTETRA      2173       1    1270    1501    1552    1554
CTETRA      2174       1     499     511     614    1529
CTETRA      2175       1    1008    1265    1454    1476
CTETRA      2176       1    1066    1452    1067    1513
CTETRA      2177       1     796     798     797    1427
CTETRA      2178       1     366     435    1361    1459
CTETRA      2179       1     970     492    1042    1490
CTETRA      2180       1    1266    1410    1349    1558
CTETRA      2181       1    1303    1394    1262    1466
CTETRA      2182       1    1256    1453     923    1463
CTETRA      2183       1    1292    1403     831    1524
CTETRA      2184       1     991    1444    1270    1500
CTETRA      2185       1    1333    1450    1293    1526
CTETRA      2186       1     916     647    1420    1540
CTETRA      2187       1     743     837     745    1428
CTETRA      2188       1     936     546    1436    1479
CTETRA      2189       1    1354    1424    1288    1504
CTETRA      2190       1    1287    1411    1330    1531
CTETRA      2191       1    1259    1417    1336    1521
CTETRA      2192       1    1259    1427    1323    1519
CTETRA      2193       1    1299    1463    1256    1527
CTETRA      2194       1    1090    1346    1092    1417
CTETRA      2195       1    1076    1289    1360    1508
CTETRA      2196       1    1180    1410    1280    1523
CTETRA      2197       1    1296    1528    1166    1548
CTETRA      2198       1     605     508    1315    1363
CTETRA      2199       1    1073    1075    1178    1337
CTETRA      2200       1     726     727     725    1446
CTETRA      2201       1     415    1514    1334    1516
CTETRA      2202       1     423    1366     316    1506
CTETRA      2203       1     929    1316    1162    1362
CTETRA      2204       1    1326    1405    1268    1556
CTETRA      2205       1     464     584     540    1324
CTETRA      2206       1    1027    1029    1025    1379
CTETRA      2207       1     926     850    1435    1527
CTETRA      2208       1     516     517     617    1551
CTETRA      2209       1     879    1273    1430    1521
CTETRA      2210       1    1361    1473    1295    1510
CTETRA      2211       1     452     666     835    1457
CTETRA      2212       1     452     551     666    1457
CTETRA      2213       1     902    1502    1312    1562
CTETRA      2214       1    1304    1376    1269    1528
CTETRA      2215       1    1067    1452    1314    1513
CTETRA      2216       1     788     902     667    1562
CTETRA      2217       1    1426    1538    1347    1551
CTETRA      2218       1    1264    1439    1311    1531
CTETRA      2219       1     994    1501    1270    1554
CTETRA      2220       1     565     512    1297    1560
CTETRA      2221       1    1015    1016     968    1340
CTETRA      2222       1     636    1338     825    1497
CTETRA      2223       1     924     678     852    1344
CTETRA      2224       1    1261    1433    1053    1447
CTETRA      2225       1     332     297     393    1333
CTETRA      2226       1    1198    1498    1095    1530
CTETRA      2227       1     685     683    1437    1450
CTETRA      2228       1    1330    1411    1264    1531
CTETRA      2229       1    1338    1436     546    1479
CTETRA      2230       1     715    1388    1260    1416
CTETRA      2231       1     271     846     333    1358
CTETRA      2232       1     505     601    1339    1436
CTETRA      2233       1     471     518     801    1458
CTETRA      2234       1     669     801     518    1458
CTETRA      2235       1    1187    1514    1287    1525
CTETRA      2236       1    1245    1250    1244    1435
CTETRA      2237       1     994     995    1501    1554
CTETRA      2238       1     481     580     530    1545
CTETRA      2239       1     568     620    1327    1460
CTETRA      2240       1     982    1443    1263    1517
CTETRA      2241       1     358     303      80     958
CTETRA      2242       1     539     197     974     529
CTETRA      2243       1    1109     198     941     529
CTETRA      2244       1    1109     974     197     529
CTETRA      2245       1     452     669     835     161
CTETRA      2246       1     485     941     198     529
CTETRA      2247       1     539     974     196     459
CTETRA      2248       1     974    1115     196     459
CTETRA      2249       1     354     299      83    1070
CTETRA      2250       1    1122     358      80     958
CTETRA      2251       1      83     354    1070     933
CTETRA      2252       1     958     303      79    1114
CTETRA      2253       1     199    1125     941     485
CTETRA      2254       1     303     348      79    1114
CTETRA      2255       1      84     933    1124     307
CTETRA      2256       1     514     666     729     159
CTETRA      2257       1    1125     199     532     485
CTETRA      2258       1    1103     207     486     956
CTETRA      2259       1     933      84     354     307
CTETRA      2260       1     202     937    1116     482
CTETRA      2261       1     955    1110     204     534
CTETRA      2262       1     211     481     530    1108
CTETRA      2263       1     937     202     536     482
CTETRA      2264       1     959      82     356    1070
CTETRA      2265       1     207     486     545    1103
CTETRA      2266       1     205    1106     955     478
CTETRA      2267       1      86     942    1135     309
CTETRA      2268       1     478     955     204     534
CTETRA      2269       1     942      86     365     309
CTETRA      2270       1     455     148     757     660
CTETRA      2271       1     200     939    1125     532
CTETRA      2272       1     299     356      82    1070
CTETRA      2273       1     148     455     548     660
CTETRA      2274       1     478     205    1106     533
CTETRA      2275       1    1124     942      85     307
CTETRA      2276       1     669     452     518     161
CTETRA      2277       1     307     942      85     365
CTETRA      2278       1      89    1057     940     351
CTETRA      2279       1     939     200     526     532
CTETRA      2280       1      89    1057     351     302
CTETRA      2281       1     514     551     666     159
CTETRA      2282       1    1100      77     353     960
CTETRA      2283       1    1030     964     483     220
CTETRA      2284       1     222     967    1134     507
CTETRA      2285       1     754     634      39     273
CTETRA      2286       1     967     222     490     507
CTETRA      2287       1     519     483     964     220
CTETRA      2288       1     273      39     754     340
CTETRA      2289       1     934     100     329    1055
CTETRA      2290       1     160     835     452     666
CTETRA      2291       1     100     311     329    1055
CTETRA      2292       1     551     160     452     666
CTETRA      2293       1     144     454     520     632
CTETRA      2294       1     819     800     796    1427
CTETRA      2295       1     520     535     143     765
CTETRA      2296       1     531     470     671     157
CTETRA      2297       1     672     471     515     163
CTETRA      2298       1     492     970     224     549
CTETRA      2299       1     765     144     520     632
CTETRA      2300       1     643     521     150     818
CTETRA      2301       1     832     671     470     157
CTETRA      2302       1     497     713     181     448
CTETRA      2303       1     474     508     242    1014
CTETRA      2304       1     471     672     801     163
CTETRA      2305       1    1111     224     970     549
CTETRA      2306       1     337     649      41     292
CTETRA      2307       1     975     211     530    1108
CTETRA      2308       1     949     313     102     369
CTETRA      2309       1     369     311     101     949
CTETRA      2310       1    1055     101     311     949
CTETRA      2311       1     502     839     178     468
CTETRA      2312       1     765     535     143     804
CTETRA      2313       1     178     664     839     502
CTETRA      2314       1    1262    1394    1046    1466
CTETRA      2315       1     146     463     538     826
CTETRA      2316       1     826     538     146     824
CTETRA      2317       1     801     837     743    1458
CTETRA      2318       1     801     518     471     162
CTETRA      2319       1     518     801     669     162
CTETRA      2320       1     179     839     674     555
CTETRA      2321       1     555     179     839     468
CTETRA      2322       1     713     722     181     448
CTETRA      2323       1     508     242    1014    1023
CTETRA      2324       1     306      77     353    1100
CTETRA      2325       1    1199     966    1539    1548
CTETRA      2326       1    1278    1509     695    1552
CTETRA      2327       1     521     643     150     460
CTETRA      2328       1    1131    1030     483     219
CTETRA      2329       1     729     832     514     158
CTETRA      2330       1     470     514     832     158
CTETRA      2331       1     483     550    1131     219
CTETRA      2332       1     785     791    1401    1494
CTETRA      2333       1    1071    1073    1072    1368
CTETRA      2334       1    1291    1405    1326    1556
CTETRA      2335       1     706     707     708    1461
CTETRA      2336       1     443    1408    1299    1488
CTETRA      2337       1     538     463     594    1318
CTETRA      2338       1    1009    1363    1012    1451
CTETRA      2339       1     432    1358     334    1517
CTETRA      2340       1     182     722     627     557
CTETRA      2341       1     557     182     722     448
CTETRA      2342       1    1206    1312    1379    1481
CTETRA      2343       1     351     402     302    1317
CTETRA      2344       1     271     628     846    1358
CTETRA      2345       1    1383    1457    1319    1458
CTETRA      2346       1    1007    1315    1476    1504
CTETRA      2347       1    1297    1437     687    1463
CTETRA      2348       1     940    1140      90     351
CTETRA      2349       1     457     528     141     814
CTETRA      2350       1     637     457     141     814
CTETRA      2351       1     742     743     744    1428
CTETRA      2352       1     960    1486    1086    1547
CTETRA      2353       1     301    1355     395    1513
CTETRA      2354       1     818     455     149     757
CTETRA      2355       1     521     455     149     818
CTETRA      2356       1     573     577     480    1382
CTETRA      2357       1     991    1339    1444    1500
CTETRA      2358       1     858    1349     779    1440
CTETRA      2359       1     430    1464    1407    1477
CTETRA      2360       1     490     507     602    1319
CTETRA      2361       1     299     354     396    1360
CTETRA      2362       1    1336    1417    1273    1521
CTETRA      2363       1     505     493     601    1436
CTETRA      2364       1     879    1505    1273    1521
CTETRA      2365       1     972    1535    1005    1537
CTETRA      2366       1    1072    1284    1368    1541
CTETRA      2367       1     902    1446     726    1520
CTETRA      2368       1     331     431     419    1468
CTETRA      2369       1     516    1325     517    1551
CTETRA      2370       1    1199    1481    1028    1528
CTETRA      2371       1    1255    1414    1224    1530
CTETRA      2372       1     924     808     884    1455
CTETRA      2373       1     544     577     566    1478
CTETRA      2374       1     799    1430    1259    1521
CTETRA      2375       1     649     337      41     756
CTETRA      2376       1     313     949     102    1069
CTETRA      2377       1    1270    1507     693    1552
CTETRA      2378       1     678    1344     924    1455
CTETRA      2379       1    1135    1142    1059    1549
CTETRA      2380       1    1084     960    1086    1547
CTETRA      2381       1    1082    1114    1084    1547
CTETRA      2382       1     735     731    1350    1434
CTETRA      2383       1     991     990     971    1444
CTETRA      2384       1     429    1366     423    1369
CTETRA      2385       1    1056    1444     619    1460
CTETRA      2386       1     641     462     137     803
CTETRA      2387       1     527     462     137     641
CTETRA      2388       1     279      18     658     350
CTETRA      2389       1     284     642      24     359
CTETRA      2390       1    1011    1171    1008    1454
CTETRA      2391       1     642     782      24     359
CTETRA      2392       1     985    1263    1443    1526
CTETRA      2393       1    1088    1100    1127    1486
CTETRA      2394       1    1267    1465     724    1520
CTETRA      2395       1     475    1156     613    1374
CTETRA      2396       1    1147    1333     985    1443
CTETRA      2397       1     934    1210    1193    1447
CTETRA      2398       1     562    1316     614    1560
CTETRA      2399       1    1366    1369     429    1465
CTETRA      2400       1     485     591     532    1326
CTETRA      2401       1    1292    1464    1356    1477
CTETRA      2402       1     604    1539     495    1548
CTETRA      2403       1    1031    1030     964    1485
CTETRA      2404       1     953    1156     475    1374
CTETRA      2405       1    1147     382     297    1443
CTETRA      2406       1    1075    1073    1071    1337
CTETRA      2407       1     990     993    1339    1500
CTETRA      2408       1     969    1036    1538    1542
CTETRA      2409       1     710     873     917    1364
CTETRA      2410       1    1287    1422    1202    1531
CTETRA      2411       1     281     402     395    1355
CTETRA      2412       1     709     711     708    1396
CTETRA      2413       1     828     876    1512    1553
CTETRA      2414       1     607     514     551    1321
CTETRA      2415       1     969    1036    1038    1538
CTETRA      2416       1    1003     972    1005    1537
CTETRA      2417       1     584     541     488    1455
CTETRA      2418       1    1255    1343    1324    1530
CTETRA      2419       1    1307    1450    1333    1561
CTETRA      2420       1     566     615     517    1357
CTETRA      2421       1    1145    1314    1067    1487
CTETRA      2422       1     704     703     705    1354
CTETRA      2423       1     898     868     833    1355
CTETRA      2424       1     825    1483    1258    1497
CTETRA      2425       1    1001    1137    1003    1537
CTETRA      2426       1     896    1295    1419    1510
CTETRA      2427       1     844     636     825    1497
CTETRA      2428       1     619     569    1341    1444
CTETRA      2429       1    1180    1280    1492    1523
CTETRA      2430       1    1282    1430    1346    1543
CTETRA      2431       1    1019    1467    1017    1469
CTETRA      2432       1     808     806     809    1343
CTETRA      2433       1     471     515     603    1322
CTETRA      2434       1    1343    1498    1324    1530
CTETRA      2435       1    1389    1401    1283    1555
CTETRA      2436       1     695    1341     691    1552
CTETRA      2437       1    1052    1393    1261    1447
CTETRA      2438       1    1235    1228    1231    1331
CTETRA      2439       1    1126    1395     936    1436
CTETRA      2440       1     604     495     612    1548
CTETRA      2441       1     776    1429    1279    1474
CTETRA      2442       1    1094    1282    1399    1498
CTETRA      2443       1     970    1044    1111    1490
CTETRA      2444       1     388     339    1400    1487
CTETRA      2445       1    1346    1417    1259    1430
CTETRA      2446       1     282     384     438    1330
CTETRA      2447       1     990    1339     991    1500
CTETRA      2448       1     359     784      23     275
CTETRA      2449       1     780    1429     776    1474
CTETRA      2450       1    1154    1381    1255    1503
CTETRA      2451       1     782     784      23     359
CTETRA      2452       1     658     802      18     279
CTETRA      2453       1    1250    1242    1246    1332
CTETRA      2454       1     825    1338    1483    1497
CTETRA      2455       1     317     392     418    1364
CTETRA      2456       1    1063    1065    1064    1390
CTETRA      2457       1    1274    1515     590    1535
CTETRA      2458       1     778     633      27     343
CTETRA      2459       1    1275    1423     764    1512
CTETRA      2460       1    1263    1450     684    1482
CTETRA      2461       1     449     629     499    1484
CTETRA      2462       1    1282    1417    1346    1430
CTETRA      2463       1     648      35     291     352
CTETRA      2464       1     140     528     639     814
CTETRA      2465       1     678     817     560    1455
CTETRA      2466       1     620     477     568    1327
CTETRA      2467       1     343     633      27     276
CTETRA      2468       1     528     458     140     639
CTETRA      2469       1     362     662      16     349
CTETRA      2470       1     700     697     698    1406
CTETRA      2471       1     662     795      16     349
CTETRA      2472       1     388     272     339    1487
CTETRA      2473       1     983    1215     987    1365
CTETRA      2474       1    1262    1383    1301    1433
CTETRA      2475       1     525     456     172     844
CTETRA      2476       1     501    1340     563    1416
CTETRA      2477       1     990     991     993    1500
CTETRA      2478       1     829    1483     830    1524
CTETRA      2479       1    1034    1271    1393    1525
CTETRA      2480       1     636     172     456     844
CTETRA      2481       1     690     689     692    1403
CTETRA      2482       1     861     819    1351    1438
CTETRA      2483       1    1265    1451    1010    1454
CTETRA      2484       1     490    1319     602    1375
CTETRA      2485       1     602    1319     507    1371
CTETRA      2486       1    1058    1062    1063    1390
CTETRA      2487       1    1035    1412    1271    1525
CTETRA      2488       1    1266    1410    1060    1523
CTETRA      2489       1     399    1314     363    1487
CTETRA      2490       1     586    1494    1283    1536
CTETRA      2491       1     984    1493    1263    1526
CTETRA      2492       1    1206    1379    1027    1481
CTETRA      2493       1    1262    1433    1301    1466
CTETRA      2494       1    1040    1038    1426    1551
CTETRA      2495       1    1128    1130    1387    1500
CTETRA      2496       1     351    1140      90     301
CTETRA      2497       1     349     795      15     283
CTETRA      2498       1     795     661      15     283
CTETRA      2499       1     726    1446    1267    1520
CTETRA      2500       1     274    1366     429    1465
CTETRA      2501       1     949    1055    1182    1466
CTETRA      2502       1    1262    1394    1303    1428
CTETRA      2503       1    1021    1395    1260    1479
CTETRA      2504       1    1259    1427     798    1521
CTETRA      2505       1     432     386     334    1358
CTETRA      2506       1      35     648     813     352
CTETRA      2507       1     531     461     156     671
CTETRA      2508       1    1032    1131    1485    1542
CTETRA      2509       1     781     156     461     671
CTETRA      2510       1     239     477     553    1137
CTETRA      2511       1     504    1460    1341    1509
CTETRA      2512       1     484     554     618    1340
CTETRA      2513       1    1349    1410    1285    1549
CTETRA      2514       1    1049     953     559    1374
CTETRA      2515       1     477     239     962    1137
CTETRA      2516       1     636     720    1338    1416
CTETRA      2517       1    1256    1374    1345    1453
CTETRA      2518       1    1106     533     206    1431
CTETRA      2519       1     453     506     788     167
CTETRA      2520       1     547     228    1104     489
CTETRA      2521       1     741     515     466     164
CTETRA      2522       1     509    1042     225     492
CTETRA      2523       1     871     694     901    1552
CTETRA      2524       1     749     629     449    1484
CTETRA      2525       1    1314    1355    1279    1385
CTETRA      2526       1     672     515     741     164
CTETRA      2527       1    1042     970     225     492
CTETRA      2528       1     683    1437    1263    1559
CTETRA      2529       1    1206    1029    1027    1379
CTETRA      2530       1     435    1459     428    1470
CTETRA      2531       1    1126    1258    1395    1436
CTETRA      2532       1     721     830     829    1483
CTETRA      2533       1     902     726     728    1520
CTETRA      2534       1     717     719    1388    1397
CTETRA      2535       1     360    1399     361    1462
CTETRA      2536       1    1283    1377    1337    1425
CTETRA      2537       1    1297    1453    1374    1463
CTETRA      2538       1    1257    1406     698    1540
CTETRA      2539       1    1041    1439    1264    1531
CTETRA      2540       1    1241    1250    1332    1384
CTETRA      2541       1    1143    1433    1262    1466
CTETRA      2542       1    1154    1381     979    1414
CTETRA      2543       1     373     400     298    1328
CTETRA      2544       1     360     665      11     318
CTETRA      2545       1     503     664     177     502
CTETRA      2546       1     403     414     303    1373
CTETRA      2547       1    1352    1409    1274    1537
CTETRA      2548       1    1054    1393    1052    1447
CTETRA      2549       1    1268    1391    1302    1427
CTETRA      2550       1     805     665      11     360
CTETRA      2551       1    1332    1384    1250    1435
CTETRA      2552       1     966    1199    1166    1548
CTETRA      2553       1    1165    1306    1379    1467
CTETRA      2554       1    1062    1390    1266    1523
CTETRA      2555       1    1026    1441    1267    1506
CTETRA      2556       1     986    1162     984    1526
CTETRA      2557       1     996     998    1448    1460
CTETRA      2558       1     177     747     664     503
CTETRA      2559       1     690    1403    1270    1511
CTETRA      2560       1    1032    1036    1131    1542
CTETRA      2561       1    1053    1433    1193    1447
CTETRA      2562       1    1264    1426    1347    1551
CTETRA      2563       1    1127      76     355    1100
CTETRA      2564       1    1312    1481    1206    1539
CTETRA      2565       1     643     151     523     770
CTETRA      2566       1     499     614     571    1484
CTETRA      2567       1     544     566     451    1478
CTETRA      2568       1    1290    1405    1351    1547
CTETRA      2569       1     701    1424    1257    1540
CTETRA      2570       1     990    1146     234     505
CTETRA      2571       1     306     355      76    1100
CTETRA      2572       1     274     423     429    1366
CTETRA      2573       1     523     460     151     643
CTETRA      2574       1     667     788     506     167
CTETRA      2575       1    1146     234     505     493
CTETRA      2576       1     965    1104     228     489
CTETRA      2577       1     634     893     906    1367
CTETRA      2578       1    1272    1080    1373    1555
CTETRA      2579       1     328      46     646     288
CTETRA      2580       1     826     824     763    1318
CTETRA      2581       1     864     685     683    1437
CTETRA      2582       1    1094    1399    1096    1498
CTETRA      2583       1     449     570     557    1329
CTETRA      2584       1     956    1106     206    1431
CTETRA      2585       1     206     533     486    1431
CTETRA      2586       1    1043    1269    1490    1528
CTETRA      2587       1    1018    1204    1469    1522
CTETRA      2588       1    1063     940    1057    1317
CTETRA      2589       1    1063    1390    1317    1558
CTETRA      2590       1     716    1286    1388    1445
CTETRA      2591       1     692    1258    1403    1497
CTETRA      2592       1    1267    1369    1306    1379
CTETRA      2593       1     934    1164    1210    1447
CTETRA      2594       1    1164      99     329     934
CTETRA      2595       1     413    1380     365    1475
CTETRA      2596       1     326    1370     391    1472
CTETRA      2597       1    1168     947     117     373
CTETRA      2598       1     870     289      56     647
CTETRA      2599       1    1399    1462    1343    1498
CTETRA      2600       1    1147    1148     382    1443
CTETRA      2601       1     568     504     620    1460
CTETRA      2602       1     576    1431    1281    1532
CTETRA      2603       1     967    1139    1134    1319
CTETRA      2604       1      56     324     289     870
CTETRA      2605       1     278     859      19     350
CTETRA      2606       1     316     331     104     945
CTETRA      2607       1     287      43     645     372
CTETRA      2608       1    1164      99     341     329
CTETRA      2609       1     510     496    1050     244
CTETRA      2610       1     183     749     449     557
CTETRA      2611       1     833     281      29    1355
CTETRA      2612       1     244     496    1050     927
CTETRA      2613       1     749     183     627     557
CTETRA      2614       1     298    1168     117     373
CTETRA      2615       1     374     310     107     946
CTETRA      2616       1     466     552     668     165
CTETRA      2617       1     941    1125    1194    1326
CTETRA      2618       1     947    1168    1216    1328
CTETRA      2619       1    1018    1469    1020    1522
CTETRA      2620       1     763    1318     824    1532
CTETRA      2621       1    1241    1250    1246    1332
CTETRA      2622       1     544     954     213    1117
CTETRA      2623       1     723      46     646     328
CTETRA      2624       1    1247     849     675    1435
CTETRA      2625       1     283     412     349    1323
CTETRA      2626       1    1024     107     310     946
CTETRA      2627       1     584    1324     464    1414
CTETRA      2628       1     741     466     668     165
CTETRA      2629       1     619    1341     504    1460
CTETRA      2630       1    1119    1118     957    1325
CTETRA      2631       1    1356    1459    1294    1470
CTETRA      2632       1    1141     316     104     945
CTETRA      2633       1     842     645      43     372
CTETRA      2634       1    1268    1438     820    1556
CTETRA      2635       1     573     580     460    1382
CTETRA      2636       1    1082    1373    1290    1442
CTETRA      2637       1     885    1546    1302    1557
CTETRA      2638       1     499     184     629     449
CTETRA      2639       1     451     517     516    1325
CTETRA      2640       1    1074    1368    1275    1541
CTETRA      2641       1    1298    1255    1503    1530
CTETRA      2642       1    1018    1020    1204    1522
CTETRA      2643       1     859     787     912    1342
CTETRA      2644       1     550    1350     608    1485
CTETRA      2645       1    1379    1446    1312    1520
CTETRA      2646       1     319    1392     424    1495
CTETRA      2647       1     360      12     805     280
CTETRA      2648       1     333     271      64     846
CTETRA      2649       1    1322    1375    1262    1394
CTETRA      2650       1     778      28     833     343
CTETRA      2651       1     472     747     176     503
CTETRA      2652       1    1278    1341    1509    1552
CTETRA      2653       1     345      29     281    1355
CTETRA      2654       1     821    1423    1281    1553
CTETRA      2655       1    1406    1448    1310    1540
CTETRA      2656       1      36     907     648     336
CTETRA      2657       1     273     411     421    1367
CTETRA      2658       1     319     409     424    1392
CTETRA      2659       1     336     648      36     291
CTETRA      2660       1     319     269      59     631
CTETRA      2661       1     295     931     120     330
CTETRA      2662       1    1282    1462    1399    1498
CTETRA      2663       1     650     911      51     347
CTETRA      2664       1     659     805      12     280
CTETRA      2665       1     846     271      64     628
CTETRA      2666       1    1392    1420     409    1550
CTETRA      2667       1     917      59     269     631
CTETRA      2668       1     931    1217     120     330
CTETRA      2669       1     783      26     633     276
CTETRA      2670       1      17     802     662     362
CTETRA      2671       1     319     409    1392    1495
CTETRA      2672       1     851    1435    1256    1527
CTETRA      2673       1     432     334    1443    1517
CTETRA      2674       1    1022    1128    1387    1395
CTETRA      2675       1     706     704     705    1354
CTETRA      2676       1     802      17     279     362
CTETRA      2677       1     276     783      26     368
CTETRA      2678       1    1038    1277    1426    1538
CTETRA      2679       1    1274    1005    1504    1535
CTETRA      2680       1     755     747     176     472
CTETRA      2681       1    1294    1395    1387    1483
CTETRA      2682       1     410     353    1351    1486
CTETRA      2683       1    1314    1452    1279    1513
CTETRA      2684       1     563    1340     618    1445
CTETRA      2685       1      28     833     343     281
CTETRA      2686       1    1267    1446    1379    1520
CTETRA      2687       1     484    1015     231     968
CTETRA      2688       1     759     826     763    1318
CTETRA      2689       1     409    1420    1392    1495
CTETRA      2690       1     661     795     796    1323
CTETRA      2691       1     550    1350    1485    1542
CTETRA      2692       1     910     859      20     278
CTETRA      2693       1    1211    1164      98     341
CTETRA      2694       1     865     907      37     371
CTETRA      2695       1    1028    1481    1441    1528
CTETRA      2696       1    1351    1486     353    1547
CTETRA      2697       1     666     729     730    1321
CTETRA      2698       1    1221    1099     381    1398
CTETRA      2699       1     595    1320     581    1402
CTETRA      2700       1     859     658      19     350
CTETRA      2701       1    1315    1354    1274    1515
CTETRA      2702       1     393     392     332    1561
CTETRA      2703       1    1257    1448    1406    1540
CTETRA      2704       1     996    1460    1278    1554
CTETRA      2705       1    1123     944    1200    1324
CTETRA      2706       1    1287    1434    1412    1525
CTETRA      2707       1     304    1211      98     341
CTETRA      2708       1     371     907      37     336
CTETRA      2709       1     357     910      20     278
CTETRA      2710       1     594    1318     585    1404
CTETRA      2711       1    1266    1390    1300    1523
CTETRA      2712       1    1387    1395    1258    1483
CTETRA      2713       1      29     656     833    1355
CTETRA      2714       1     749     629     184     449
CTETRA      2715       1     791     814     793    1320
CTETRA      2716       1    1273    1417    1093    1498
CTETRA      2717       1     903     916     647    1420
CTETRA      2718       1     317     121    1217     330
CTETRA      2719       1     743     672     801    1322
CTETRA      2720       1     610    1312    1502    1562
CTETRA      2721       1    1304    1441    1158    1506
CTETRA      2722       1    1113     437    1112    1399
CTETRA      2723       1    1261    1371    1321    1393
CTETRA      2724       1     432    1148     928    1443
CTETRA      2725       1     956     206     486    1431
CTETRA      2726       1    1241    1246     266     976
CTETRA      2727       1    1244     258    1245     675
CTETRA      2728       1    1293    1396    1307    1451
CTETRA      2729       1    1247     675    1244    1435
CTETRA      2730       1    1181    1182    1046    1466
CTETRA      2731       1    1227    1231     254     676
CTETRA      2732       1     213     480     544    1117
CTETRA      2733       1     610    1502    1312    1539
CTETRA      2734       1     673     691    1341    1511
CTETRA      2735       1     866    1306    1419    1489
CTETRA      2736       1     721     719    1397    1483
CTETRA      2737       1      29     345     656    1355
CTETRA      2738       1     538    1318     594    1532
CTETRA      2739       1    1145      91    1140     301
CTETRA      2740       1     636     714     720    1416
CTETRA      2741       1     803    1546     885    1557
CTETRA      2742       1    1003    1274    1409    1537
CTETRA      2743       1    1277    1412    1350    1542
CTETRA      2744       1    1036    1412    1277    1542
CTETRA      2745       1     845    1482    1450    1561
CTETRA      2746       1    1296    1502     604    1539
CTETRA      2747       1     582    1324     584    1413
CTETRA      2748       1     785    1401    1283    1494
CTETRA      2749       1     736    1411    1287    1434
CTETRA      2750       1     900    1397    1295    1510
CTETRA      2751       1     755     673     691    1341
CTETRA      2752       1     876    1284    1449    1544
CTETRA      2753       1     591     583    1326    1415
CTETRA      2754       1     899    1292    1477    1507
CTETRA      2755       1    1183    1283    1389    1536
CTETRA      2756       1     490     602     597    1375
CTETRA      2757       1    1358    1443     334    1517
CTETRA      2758       1    1077    1078    1076    1555
CTETRA      2759       1    1258    1403    1500    1524
CTETRA      2760       1    1293    1362    1329    1451
CTETRA      2761       1    1004    1288    1409    1504
CTETRA      2762       1    1037    1412    1287    1426
CTETRA      2763       1    1159    1029    1206    1379
CTETRA      2764       1     700     839     664    1352
CTETRA      2765       1     880    1285    1418    1475
CTETRA      2766       1    1281    1423     821    1532
CTETRA      2767       1    1336    1273    1499    1505
CTETRA      2768       1     976    1332    1226    1384
CTETRA      2769       1     759     826    1318    1496
CTETRA      2770       1    1286    1489    1379    1520
CTETRA      2771       1    1285    1380    1142    1456
CTETRA      2772       1    1282    1343    1462    1498
CTETRA      2773       1     866    1465    1306    1520
CTETRA      2774       1     602     507     593    1371
CTETRA      2775       1     982     983    1365    1493
CTETRA      2776       1    1292    1500    1403    1524
CTETRA      2777       1     571     614     476    1362
CTETRA      2778       1     325     324      55     870
CTETRA      2779       1     914     325      55     870
CTETRA      2780       1    1212    1167     961    1361
CTETRA      2781       1    1203    1407    1292    1501
CTETRA      2782       1    1112     963    1096    1399
CTETRA      2783       1    1280    1410    1061    1456
CTETRA      2784       1     960     353    1486    1547
CTETRA      2785       1    1297     512    1529    1560
CTETRA      2786       1     437     387    1112    1399
CTETRA      2787       1     836     838     772    1357
CTETRA      2788       1    1294    1459    1361    1470
CTETRA      2789       1     944    1324     540    1499
CTETRA      2790       1     985    1443    1333    1526
CTETRA      2791       1     272    1101      93     338
CTETRA      2792       1    1170     121    1217     317
CTETRA      2793       1      61     377     270     872
CTETRA      2794       1    1170     122     317     332
CTETRA      2795       1     550    1485    1131    1542
CTETRA      2796       1    1281    1425     766    1553
CTETRA      2797       1    1282     816    1430    1543
CTETRA      2798       1    1059    1285    1410    1549
CTETRA      2799       1    1084    1405    1290    1547
CTETRA      2800       1    1280    1492    1335    1496
CTETRA      2801       1    1083    1405    1291    1442
CTETRA      2802       1     785     769     767    1401
CTETRA      2803       1     795     662     819    1351
CTETRA      2804       1     432     382    1148    1443
CTETRA      2805       1     860    1449    1289    1480
CTETRA      2806       1     731     729     832    1350
CTETRA      2807       1     714     636     567    1416
CTETRA      2808       1    1198    1200     944    1324
CTETRA      2809       1    1352    1409    1257    1424
CTETRA      2810       1     818     757     760    1335
CTETRA      2811       1     290     650      51     347
CTETRA      2812       1     595     528     581    1320
CTETRA      2813       1    1247    1345     849    1435
CTETRA      2814       1    1348    1380     413    1475
CTETRA      2815       1     741     672     742    1353
CTETRA      2816       1    1305    1407    1205    1501
CTETRA      2817       1     365    1380     406    1475
CTETRA      2818       1     981     989     980    1488
CTETRA      2819       1    1274    1409    1352    1424
CTETRA      2820       1     896    1419    1295    1489
CTETRA      2821       1     400    1328     397    1420
CTETRA      2822       1     875     828     876    1512
CTETRA      2823       1    1294    1397     909    1470
CTETRA      2824       1    1302    1427    1259    1521
CTETRA      2825       1     911     869      50     277
CTETRA      2826       1    1015     484     231     500
CTETRA      2827       1     775     770     643    1474
CTETRA      2828       1    1221     381     446    1398
CTETRA      2829       1    1072    1124     933    1541
CTETRA      2830       1     652      61     270     872
CTETRA      2831       1     122    1170     952     332
CTETRA      2832       1     930    1101      93     272
CTETRA      2833       1    1157    1387    1292    1464
CTETRA      2834       1    1198    1324     944    1499
CTETRA      2835       1     322     109     961    1051
CTETRA      2836       1     426     336     427    1533
CTETRA      2837       1     763    1423    1318    1532
CTETRA      2838       1     425    1330     438    1422
CTETRA      2839       1     132     541     560     817
CTETRA      2840       1     716    1388     670    1445
CTETRA      2841       1    1176    1452    1313    1478
CTETRA      2842       1     585     594     463    1318
CTETRA      2843       1     277      50     911     347
CTETRA      2844       1     700     702     839    1352
CTETRA      2845       1    1343    1399    1298    1462
CTETRA      2846       1    1374    1453    1256    1463
CTETRA      2847       1    1123    1324    1200    1414
CTETRA      2848       1    1007    1023    1009    1363
CTETRA      2849       1    1199    1481    1296    1539
CTETRA      2850       1    1300    1390    1266    1429
CTETRA      2851       1     432    1443     928    1517
CTETRA      2852       1     290     420     430    1477
CTETRA      2853       1    1110    1184    1183    1536
CTETRA      2854       1     605    1315     474    1535
CTETRA      2855       1     463    1318     826    1496
CTETRA      2856       1    1327    1448     998    1460
CTETRA      2857       1    1410    1440    1280    1523
CTETRA      2858       1    1097    1503    1255    1530
CTETRA      2859       1     301    1145      91     363
CTETRA      2860       1     863    1291    1415    1556
CTETRA      2861       1    1347    1426    1277    1538
CTETRA      2862       1     511     185     629     499
CTETRA      2863       1    1290     882    1421    1491
CTETRA      2864       1    1279    1355    1317    1429
CTETRA      2865       1    1210    1053    1193    1447
CTETRA      2866       1     505    1339     611    1444
CTETRA      2867       1    1320    1389    1272    1401
CTETRA      2868       1    1025    1029    1165    1379
CTETRA      2869       1     417     429     310    1369
CTETRA      2870       1     351     301     395    1513
CTETRA      2871       1     665     806     807    1471
CTETRA      2872       1     995    1205     994    1501
CTETRA      2873       1    1201    1467    1295    1473
CTETRA      2874       1     892     777     640    1330
CTETRA      2875       1     862     648     907    1334
CTETRA      2876       1    1425    1449     768    1553
CTETRA      2877       1    1296    1446     895    1502
CTETRA      2878       1    1024    1025    1165    1369
CTETRA      2879       1    1397    1469    1295    1522
CTETRA      2880       1    1276    1357    1325    1386
CTETRA      2881       1     509    1042    1490    1548
CTETRA      2882       1    1101     930    1190    1534
CTETRA      2883       1     619     569     504    1341
CTETRA      2884       1    1274    1354    1315    1504
CTETRA      2885       1    1275    1418    1380    1475
CTETRA      2886       1     185     629     905     511
CTETRA      2887       1    1175    1173    1103    1404
CTETRA      2888       1    1138     230     484     554
CTETRA      2889       1     859    1342     912    1491
CTETRA      2890       1    1014    1315    1007    1535
CTETRA      2891       1     340     292      40    1359
CTETRA      2892       1     335     425     438    1422
CTETRA      2893       1     323     439    1473    1510
CTETRA      2894       1     455     521     572    1335
CTETRA      2895       1     583     595    1402    1415
CTETRA      2896       1     916     903     701    1540
CTETRA      2897       1     988    1215     983    1493
CTETRA      2898       1     340      40     754    1359
CTETRA      2899       1    1294    1387    1129    1459
CTETRA      2900       1     230     968    1138     484
CTETRA      2901       1    1397    1483    1260    1522
CTETRA      2902       1     657     739     781    1347
CTETRA      2903       1     291     427     336    1334
CTETRA      2904       1     649      40     292    1359
CTETRA      2905       1     539     588     529    1336
CTETRA      2906       1     962     998    1048    1327
CTETRA      2907       1     735     731     832    1350
CTETRA      2908       1    1390    1429    1300    1474
CTETRA      2909       1    1064    1066    1067    1513
CTETRA      2910       1     584     582     540    1324
CTETRA      2911       1    1260    1469    1397    1522
CTETRA      2912       1    1304    1441    1376    1528
CTETRA      2913       1     591     543     583    1415
CTETRA      2914       1    1040    1439    1119    1551
CTETRA      2915       1     649     754      40    1359
CTETRA      2916       1     588     592     529    1546
CTETRA      2917       1    1294    1483    1387    1524
CTETRA      2918       1     423    1369    1366    1506
CTETRA      2919       1     974    1109    1196    1336
CTETRA      2920       1    1294    1483    1397    1522
CTETRA      2921       1     633     778     779    1349
CTETRA      2922       1     421     416     340    1359
CTETRA      2923       1     488     541     133     817
CTETRA      2924       1     540    1123     194     464
CTETRA      2925       1    1185    1189    1116    1402
CTETRA      2926       1     292     416     422    1359
CTETRA      2927       1     956    1103    1173    1431
CTETRA      2928       1     688    1408     850    1527
CTETRA      2929       1     644     488     133     817
CTETRA      2930       1     944    1123     194     540
CTETRA      2931       1    1302    1546     592    1557
CTETRA      2932       1     109     322     305    1051
CTETRA      2933       1     479     838     615    1357
CTETRA      2934       1    1323    1346    1259    1519
CTETRA      2935       1     585    1318     463    1496
CTETRA      2936       1    1199    1028    1166    1528
CTETRA      2937       1     874     845    1450    1561
CTETRA      2938       1     479     654     838    1357
CTETRA      2939       1     297     123     952     332
CTETRA      2940       1     451     544    1118     214
CTETRA      2941       1     521     580     572    1545
CTETRA      2942       1     988    1297    1493    1560
CTETRA      2943       1     123     952    1147     297
CTETRA      2944       1    1349    1410    1266    1440
CTETRA      2945       1    1286    1388    1469    1489
CTETRA      2946       1     560     541     621    1455
CTETRA      2947       1     605     599     508    1363
CTETRA      2948       1     982     984     983    1493
CTETRA      2949       1    1264    1411    1347    1426
CTETRA      2950       1     238     568     477     962
CTETRA      2951       1     469     689     174    1511
CTETRA      2952       1     781     461     155     564
CTETRA      2953       1    1138    1017    1159    1372
CTETRA      2954       1     640     384      33     282
CTETRA      2955       1    1185    1079    1081    1389
CTETRA      2956       1    1167     322     110     961
CTETRA      2957       1     366     322     110    1167
CTETRA      2958       1    1265    1363    1315    1476
CTETRA      2959       1    1285    1410    1349    1440
CTETRA      2960       1     546    1338     609    1436
CTETRA      2961       1     579    1492    1404    1496
CTETRA      2962       1     856     887     645    1378
CTETRA      2963       1     737     781     739    1347
CTETRA      2964       1    1347    1411    1277    1426
CTETRA      2965       1     749     627     711    1329
CTETRA      2966       1    1172     985    1147    1333
CTETRA      2967       1     587    1499    1413    1505
CTETRA      2968       1    1288    1424    1409    1504
CTETRA      2969       1    1286    1372    1340    1445
CTETRA      2970       1      65     271     320     628
CTETRA      2971       1    1043    1528    1490    1548
CTETRA      2972       1    1264    1347    1325    1551
CTETRA      2973       1     289     400     397    1420
CTETRA      2974       1     439    1419     417    1473
CTETRA      2975       1     540    1324     582    1499
CTETRA      2976       1    1387    1483    1258    1524
CTETRA      2977       1     550     608     483    1485
CTETRA      2978       1    1140    1067    1145    1513
CTETRA      2979       1    1286    1469    1467    1489
CTETRA      2980       1     902    1446    1312    1502
CTETRA      2981       1     963      72     285     387
CTETRA      2982       1    1056     494     619    1444
CTETRA      2983       1     428     347     277    1356
CTETRA      2984       1     544     954    1118     214
CTETRA      2985       1     175     522     755     472
CTETRA      2986       1     628     320      65     679
CTETRA      2987       1     890     893     754    1359
CTETRA      2988       1     784     875     876    1544
CTETRA      2989       1    1279    1429    1390    1474
CTETRA      2990       1     155     657     781     564
CTETRA      2991       1     673     174     689    1511
CTETRA      2992       1    1333    1482     321    1561
CTETRA      2993       1     962     238     568    1048
CTETRA      2994       1     640      33     384     777
CTETRA      2995       1    1268    1405    1351    1438
CTETRA      2996       1     689     469     173    1497
CTETRA      2997       1     911     830     869    1356
CTETRA      2998       1     961    1051    1204    1361
CTETRA      2999       1    1324    1414     584    1455
CTETRA      3000       1     410     306     353    1486
CTETRA      3001       1    1301    1433    1193    1466
CTETRA      3002       1    1125    1191    1194    1326
CTETRA      3003       1     673     175     522     755
CTETRA      3004       1    1409    1424    1274    1504
CTETRA      3005       1    1286    1372    1312    1379
CTETRA      3006       1    1351    1405    1290    1438
CTETRA      3007       1     610     598    1372    1562
CTETRA      3008       1     971     494    1056    1444
CTETRA      3009       1     462     592    1546    1557
CTETRA      3010       1     963    1112      72     387
CTETRA      3011       1    1314    1385    1279    1452
CTETRA      3012       1    1113     308      74     437
CTETRA      3013       1     838     153     479     615
CTETRA      3014       1     938     308      74    1113
CTETRA      3015       1     649     889     890    1359
CTETRA      3016       1     236     619    1056     494
CTETRA      3017       1     599     570     496    1363
CTETRA      3018       1     654     153     479     838
CTETRA      3019       1     845     321    1482    1561
CTETRA      3020       1     877     880     762    1418
CTETRA      3021       1    1056     971     236     494
CTETRA      3022       1     300     399     388    1400
CTETRA      3023       1    1389    1401    1320    1494
CTETRA      3024       1    1317    1390    1266    1558
CTETRA      3025       1     333    1358     846    1482
CTETRA      3026       1     864     853     685    1484
CTETRA      3027       1    1258    1483    1338    1497
CTETRA      3028       1     522    1341     569    1511
CTETRA      3029       1    1271    1412    1350    1434
CTETRA      3030       1    1388    1295    1469    1489
CTETRA      3031       1    1344    1381    1255    1414
CTETRA      3032       1    1266    1349    1317    1558
CTETRA      3033       1    1159    1019    1029    1379
CTETRA      3034       1     543     823    1415    1557
CTETRA      3035       1    1031     964    1033    1371
CTETRA      3036       1    1350    1412    1277    1434
CTETRA      3037       1     558    1345     622    1453
CTETRA      3038       1    1165    1379    1019    1467
CTETRA      3039       1     598     489     610    1372
CTETRA      3040       1     689     173     844    1497
CTETRA      3041       1     546     616    1338    1479
CTETRA      3042       1    1329    1363    1265    1451
CTETRA      3043       1    1273    1430    1417    1498
CTETRA      3044       1    1309    1454    1265    1476
CTETRA      3045       1     509     492     600    1490
CTETRA      3046       1     881     644     884    1413
CTETRA      3047       1     585    1404    1318    1496
CTETRA      3048       1     687    1437    1297    1529
CTETRA      3049       1    1272    1373    1342    1555
CTETRA      3050       1    1218    1010    1451    1454
CTETRA      3051       1    1172     985    1333    1526
CTETRA      3052       1     936     546     233    1436
CTETRA      3053       1    1009     927    1012    1363
CTETRA      3054       1     374     439     417    1473
CTETRA      3055       1     500    1340     501    1416
CTETRA      3056       1    1417    1430    1282    1498
CTETRA      3057       1     579    1404     585    1496
CTETRA      3058       1    1155     929    1162    1362
CTETRA      3059       1    1308    1432    1393    1447
CTETRA      3060       1      32     434     384     777
CTETRA      3061       1     564     154     657     615
CTETRA      3062       1     326     390     441    1472
CTETRA      3063       1     486     594     545    1431
CTETRA      3064       1     782     642     877    1348
CTETRA      3065       1      73    1112     437     387
CTETRA      3066       1     777      32     434     630
CTETRA      3067       1    1467    1469    1295    1489
CTETRA      3068       1     154     838     657     615
CTETRA      3069       1     936     232     546    1479
CTETRA      3070       1     943    1531    1422    1534
CTETRA      3071       1     557     599     448    1461
CTETRA      3072       1    1189    1191     939    1402
CTETRA      3073       1      73    1112    1113     437
CTETRA      3074       1     532     591     583    1326
CTETRA      3075       1      63     321     333    1482
CTETRA      3076       1     633     779     858    1349
CTETRA      3077       1     958    1114    1082    1373
CTETRA      3078       1    1200    1224    1414    1530
CTETRA      3079       1    1111    1044    1136    1375
CTETRA      3080       1     125     432     382    1148
CTETRA      3081       1     880     761    1418    1440
CTETRA      3082       1      63     845     321    1482
CTETRA      3083       1    1276    1325    1357    1478
CTETRA      3084       1     650     855     911    1356
CTETRA      3085       1    1261    1393    1432    1447
CTETRA      3086       1    1099    1221    1152    1398
CTETRA      3087       1     525     173     469    1497
CTETRA      3088       1     699    1406    1310    1540
CTETRA      3089       1     285     381      71    1398
CTETRA      3090       1     435     428     277    1470
CTETRA      3091       1     877    1348     642    1475
CTETRA      3092       1     125     432    1148     928
CTETRA      3093       1    1021     936    1395    1479
CTETRA      3094       1    1444    1460    1056    1554
CTETRA      3095       1     269      60     917    1364
CTETRA      3096       1     488     582     584    1413
CTETRA      3097       1     901    1507    1305    1552
CTETRA      3098       1     867     741     742    1353
CTETRA      3099       1    1165    1029    1019    1379
CTETRA      3100       1     793     639     863    1415
CTETRA      3101       1     582    1413     587    1499
CTETRA      3102       1     699     871     914    1370
CTETRA      3103       1     290     347     420    1356
CTETRA      3104       1     861     819     662    1351
CTETRA      3105       1    1301    1383    1261    1433
CTETRA      3106       1     321    1333     433    1482
CTETRA      3107       1    1128     993    1130    1500
CTETRA      3108       1     560     621     473    1344
CTETRA      3109       1    1216    1207     947    1328
CTETRA      3110       1    1180    1175    1107    1404
CTETRA      3111       1     721     720     719    1483
CTETRA      3112       1    1271    1393    1308    1432
CTETRA      3113       1    1119    1325     957    1551
CTETRA      3114       1     269     377      60    1364
CTETRA      3115       1    1368    1423    1281    1431
CTETRA      3116       1     880     858     761    1440
CTETRA      3117       1    1063    1317    1057    1558
CTETRA      3118       1     582    1324    1413    1499
CTETRA      3119       1    1303    1394    1269    1428
CTETRA      3120       1    1302    1391    1259    1427
CTETRA      3121       1    1180    1404    1107    1492
CTETRA      3122       1     335     943    1422    1534
CTETRA      3123       1     854     653     187     498
CTETRA      3124       1     373    1328     947    1550
CTETRA      3125       1     670     170     563    1416
CTETRA      3126       1      53     293     651     344
CTETRA      3127       1    1200    1414    1324    1530
CTETRA      3128       1    1226     976    1151    1332
CTETRA      3129       1    1312    1372    1286    1562
CTETRA      3130       1     624     920     560    1344
CTETRA      3131       1     522     469     174    1511
CTETRA      3132       1     285     387     436    1399
CTETRA      3133       1     346      88     302    1558
CTETRA      3134       1     297     433    1333    1443
CTETRA      3135       1     679      66     677    1408
CTETRA      3136       1    1066    1186    1176    1452
CTETRA      3137       1     951     114     315     440
CTETRA      3138       1    1412    1434    1271    1525
CTETRA      3139       1     760     757     758    1335
CTETRA      3140       1     397     400     373    1328
CTETRA      3141       1     609    1436    1338    1497
CTETRA      3142       1     513     216     516    1551
CTETRA      3143       1    1276    1385    1314    1452
CTETRA      3144       1     847     807    1331    1471
CTETRA      3145       1    1317    1355    1279    1513
CTETRA      3146       1    1267    1379    1306    1520
CTETRA      3147       1    1318    1431     594    1532
CTETRA      3148       1    1127     938    1090    1346
CTETRA      3149       1     790      53     651     344
CTETRA      3150       1    1043    1166    1528    1548
CTETRA      3151       1     285      71     963    1398
CTETRA      3152       1    1126    1021     936    1395
CTETRA      3153       1     641     803     885    1557
CTETRA      3154       1    1147     382     124     297
CTETRA      3155       1    1048    1327     998    1460
CTETRA      3156       1     258     850    1245     675
CTETRA      3157       1    1246    1151     266     976
CTETRA      3158       1    1248    1243    1249    1384
CTETRA      3159       1     287     419     431    1378
CTETRA      3160       1    1250    1384    1249    1435
CTETRA      3161       1    1099      71     381    1398
CTETRA      3162       1     697     696    1406    1509
CTETRA      3163       1     570     571     510    1362
CTETRA      3164       1     378     677      66    1408
CTETRA      3165       1    1231     847     254     676
CTETRA      3166       1     586     581    1494    1536
CTETRA      3167       1    1334    1514    1287    1516
CTETRA      3168       1      44     274     635    1366
CTETRA      3169       1     605    1515    1315    1535
CTETRA      3170       1     973      88     346    1558
CTETRA      3171       1     926     688     850    1527
CTETRA      3172       1     525     844     173    1497
CTETRA      3173       1    1105     114     315     951
CTETRA      3174       1     640    1330     282    1516
CTETRA      3175       1     296     432     126     928
CTETRA      3176       1    1076    1360     959    1508
CTETRA      3177       1    1146     936     233    1436
CTETRA      3178       1    1102     216     513    1551
CTETRA      3179       1    1311    1386    1276    1439
CTETRA      3180       1     815    1343     809    1462
CTETRA      3181       1    1203    1407     950    1464
CTETRA      3182       1     465     622     558    1345
CTETRA      3183       1    1200    1198    1095    1530
CTETRA      3184       1    1117     954    1176    1478
CTETRA      3185       1     661    1323     796    1519
CTETRA      3186       1     973    1549    1059    1558
CTETRA      3187       1     772     654     771    1357
CTETRA      3188       1     953     249     559     475
CTETRA      3189       1    1043    1490    1042    1548
CTETRA      3190       1    1337    1449    1425    1553
CTETRA      3191       1     919     623     558    1345
CTETRA      3192       1      25     368     783    1475
CTETRA      3193       1     875    1348     877    1512
CTETRA      3194       1    1341    1444     569    1511
CTETRA      3195       1    1275    1380    1348    1475
CTETRA      3196       1    1102    1538    1038    1551
CTETRA      3197       1     494     505     611    1444
CTETRA      3198       1     397     409    1420    1550
CTETRA      3199       1     782     877     875    1348
CTETRA      3200       1     358    1122      81    1508
CTETRA      3201       1     678     132     560     817
CTETRA      3202       1    1264    1386    1311    1439
CTETRA      3203       1     522     174     673    1511
CTETRA      3204       1     545     594     585    1404
CTETRA      3205       1     989    1332    1151    1488
CTETRA      3206       1     872     917      60    1364
CTETRA      3207       1     493     233     546    1436
CTETRA      3208       1    1145    1067    1163    1487
CTETRA      3209       1     879     811     881    1413
CTETRA      3210       1     925     676     847    1518
CTETRA      3211       1     925     847    1331    1518
CTETRA      3212       1     406     309     401    1549
CTETRA      3213       1     404     348     414    1547
CTETRA      3214       1     774     775     776    1474
CTETRA      3215       1     187     854     498     450
CTETRA      3216       1    1360     342    1480    1544
CTETRA      3217       1     922     850     677    1408
CTETRA      3218       1    1148     382     124    1147
CTETRA      3219       1     396     398     275    1544
CTETRA      3220       1    1148    1147     985    1443
CTETRA      3221       1     606     596     491    1538
CTETRA      3222       1     929     476     246     562
CTETRA      3223       1     590     556     575    1537
CTETRA      3224       1     589     534     586    1536
CTETRA      3225       1     586     536     581    1536
CTETRA      3226       1     232     936    1015    1479
CTETRA      3227       1     879     811    1413    1505
CTETRA      3228       1    1323    1351    1268    1486
CTETRA      3229       1     232     500     546    1479
CTETRA      3230       1     367    1369     423    1506
CTETRA      3231       1    1099     963      71    1398
CTETRA      3232       1     476     245     510    1362
CTETRA      3233       1    1012    1050    1155    1362
CTETRA      3234       1     372     274      44    1366
CTETRA      3235       1     408    1360     342    1480
CTETRA      3236       1    1279    1355    1314    1513
CTETRA      3237       1     333     334    1358    1482
CTETRA      3238       1    1389    1494    1320    1536
CTETRA      3239       1    1321    1350    1271    1485
CTETRA      3240       1    1287    1426    1411    1531
CTETRA      3241       1     577     479     566    1357
CTETRA      3242       1    1306    1369    1267    1465
CTETRA      3243       1     794     882    1421    1438
CTETRA      3244       1     413     365     406    1475
CTETRA      3245       1     596     491    1538    1542
CTETRA      3246       1     825    1338     720    1483
CTETRA      3247       1     732    1383     841    1457
CTETRA      3248       1     337     422     419    1378
CTETRA      3249       1     872      60     377    1364
CTETRA      3250       1    1201    1165    1467    1473
CTETRA      3251       1    1269    1353    1322    1490
CTETRA      3252       1    1306    1465    1267    1520
CTETRA      3253       1     947    1328    1207    1550
CTETRA      3254       1    1255    1381    1331    1503
CTETRA      3255       1     823    1556    1415    1557
CTETRA      3256       1     965    1159    1206    1372
CTETRA      3257       1    1243    1345    1249    1384
CTETRA      3258       1     718     866    1489    1520
CTETRA      3259       1     366     435     322    1361
CTETRA      3260       1     915     923    1453    1463
CTETRA      3261       1     847     810     807    1471
CTETRA      3262       1     980     296     126     928
CTETRA      3263       1     522     472     569    1341
CTETRA      3264       1     837     841    1383    1458
CTETRA      3265       1     305     323     439    1473
CTETRA      3266       1    1310    1406    1278    1448
CTETRA      3267       1     590    1535     556    1537
CTETRA      3268       1     584    1414     621    1455
CTETRA      3269       1      44     635     842    1366
CTETRA      3270       1     334    1443    1358    1482
CTETRA      3271       1     482     595     581    1402
CTETRA      3272       1    1276    1357    1313    1478
CTETRA      3273       1     592     591     485    1557
CTETRA      3274       1    1236    1229    1234    1381
CTETRA      3275       1    1016    1017    1340    1469
CTETRA      3276       1    1306    1489     866    1520
CTETRA      3277       1     846      63     333    1482
CTETRA      3278       1     825     636     720    1338
CTETRA      3279       1    1076    1070     959    1360
CTETRA      3280       1     846     845      63    1482
CTETRA      3281       1    1119    1439    1325    1551
CTETRA      3282       1     246    1209     929     562
CTETRA      3283       1     756     887     889    1378
CTETRA      3284       1    1154     979    1224    1414
CTETRA      3285       1     640     897     892    1330
CTETRA      3286       1    1255    1331    1381    1518
CTETRA      3287       1     929     245     476    1362
CTETRA      3288       1    1162    1493    1316    1560
CTETRA      3289       1    1266    1440    1410    1523
CTETRA      3290       1     372      44     842    1366
CTETRA      3291       1    1269    1376    1353    1528
CTETRA      3292       1    1353    1376    1296    1528
CTETRA      3293       1     510     245    1050    1362
CTETRA      3294       1    1260    1483    1395    1522
CTETRA      3295       1     383    1419     439    1510
CTETRA      3296       1     415    1422    1514    1516
CTETRA      3297       1     339     272     338    1534
CTETRA      3298       1    1043    1042    1166    1548
CTETRA      3299       1    1096    1095    1498    1530
CTETRA      3300       1    1417    1430    1273    1521
CTETRA      3301       1    1184    1110     955    1377
CTETRA      3302       1     955    1106    1178    1377
CTETRA      3303       1    1230    1235    1236    1381
CTETRA      3304       1    1295    1473    1419    1510
CTETRA      3305       1    1236    1344    1229    1381
CTETRA      3306       1    1090     938    1092    1346
CTETRA      3307       1    1330    1531    1311    1534
CTETRA      3308       1     314    1356     428    1459
CTETRA      3309       1     397    1328     373    1550
CTETRA      3310       1    1293    1329    1362    1484
CTETRA      3311       1     282     438     425    1330
CTETRA      3312       1    1356    1459     314    1464
CTETRA      3313       1     259    1244    1247     675
CTETRA      3314       1    1005    1014    1007    1535
CTETRA      3315       1     541     584     621    1455
CTETRA      3316       1     440     326     391    1472
CTETRA      3317       1     823     543     138    1557
CTETRA      3318       1    1241    1249    1250    1384
CTETRA      3319       1    1213    1459    1387    1464
CTETRA      3320       1     768     769     860    1449
CTETRA      3321       1     609     546     616    1338
CTETRA      3322       1    1379    1489    1306    1520
CTETRA      3323       1    1061    1410    1142    1456
CTETRA      3324       1    1274    1504    1315    1535
CTETRA      3325       1    1016    1017     968    1340
CTETRA      3326       1    1262    1375    1322    1458
CTETRA      3327       1     989    1151     978    1488
CTETRA      3328       1    1237     624    1229    1344
CTETRA      3329       1    1142    1061    1059    1410
CTETRA      3330       1     623    1251     465    1345
CTETRA      3331       1     668     166     552    1502
CTETRA      3332       1     462     527     592    1557
CTETRA      3333       1    1155    1013    1012    1451
CTETRA      3334       1    1261    1321    1371    1457
CTETRA      3335       1    1235    1236    1381    1518
CTETRA      3336       1     367     316     105    1506
CTETRA      3337       1    1405    1438    1268    1556
CTETRA      3338       1    1291    1438    1405    1556
CTETRA      3339       1    1366    1441    1304    1506
CTETRA      3340       1     243     508     496    1363
CTETRA      3341       1    1142    1135     942    1380
CTETRA      3342       1     565     613     512    1560
CTETRA      3343       1     243    1023     508    1363
CTETRA      3344       1     651     871     901    1370
CTETRA      3345       1    1247     849     259     675
CTETRA      3346       1     927     243     496    1363
CTETRA      3347       1    1057     302      88    1558
CTETRA      3348       1     368      25     284    1475
CTETRA      3349       1    1395    1436    1338    1479
CTETRA      3350       1    1267    1441    1366    1506
CTETRA      3351       1     682     687    1437    1463
CTETRA      3352       1     513     617    1347    1551
CTETRA      3353       1     579    1335     572    1492
CTETRA      3354       1     428     314     420    1356
CTETRA      3355       1     845     684    1450    1482
CTETRA      3356       1     656     894     898    1355
CTETRA      3357       1     345     395     399    1355
CTETRA      3358       1     420    1356     314    1464
CTETRA      3359       1     394    1349     346    1558
CTETRA      3360       1    1050     245     929    1362
CTETRA      3361       1     634      38     273    1367
CTETRA      3362       1    1120    1160    1119    1439
CTETRA      3363       1     897    1330     640    1516
CTETRA      3364       1     950     113     327    1407
CTETRA      3365       1     335      94     943    1534
CTETRA      3366       1    1395    1483    1294    1522
CTETRA      3367       1     848     920    1233    1344
CTETRA      3368       1     794     861     882    1438
CTETRA      3369       1     516     216     957    1551
CTETRA      3370       1     678     560     920    1344
CTETRA      3371       1     616     456    1338    1416
CTETRA      3372       1    1156     953    1215    1374
CTETRA      3373       1    1265    1363    1329    1461
CTETRA      3374       1    1278    1448    1327    1460
CTETRA      3375       1    1403    1500    1292    1507
CTETRA      3376       1     119     376    1133    1392
CTETRA      3377       1    1032    1031    1393    1485
CTETRA      3378       1    1316    1529     614    1560
CTETRA      3379       1     342    1360     396    1544
CTETRA      3380       1    1307    1451    1396    1454
CTETRA      3381       1     248     953    1156     475
CTETRA      3382       1    1086    1088    1391    1486
CTETRA      3383       1     294    1398     442    1471
CTETRA      3384       1    1301    1433    1261    1447
CTETRA      3385       1     232    1015     500    1479
CTETRA      3386       1     326     441     325    1370
CTETRA      3387       1     342     408     396    1360
CTETRA      3388       1     927    1023     243    1363
CTETRA      3389       1    1249    1345    1247    1435
CTETRA      3390       1     513    1347    1538    1551
CTETRA      3391       1     919     849    1247    1345
CTETRA      3392       1     755     691     695    1341
CTETRA      3393       1     588    1336     587    1505
CTETRA      3394       1    1365    1463    1299    1559
CTETRA      3395       1     415     427    1334    1514
CTETRA      3396       1    1213    1129    1387    1459
CTETRA      3397       1     935     367     105    1506
CTETRA      3398       1    1500    1501    1292    1507
CTETRA      3399       1     681    1482    1358    1559
CTETRA      3400       1     618    1372     598    1445
CTETRA      3401       1    1196    1197     974    1336
CTETRA      3402       1     617     564     461    1347
CTETRA      3403       1    1213    1387    1157    1464
CTETRA      3404       1    1349    1549     346    1558
CTETRA      3405       1     294     446     381    1398
CTETRA      3406       1     619     568     237    1460
CTETRA      3407       1     142     804     535    1494
CTETRA      3408       1     493    1146     233    1436
CTETRA      3409       1    1019    1017    1018    1469
CTETRA      3410       1     478     534     589    1377
CTETRA      3411       1     478     574     533    1377
CTETRA      3412       1    1407    1464    1292    1477
CTETRA      3413       1     397    1420    1328    1550
CTETRA      3414       1     526     583     595    1402
CTETRA      3415       1    1313    1385    1279    1474
CTETRA      3416       1     950    1105     113    1407
CTETRA      3417       1     371     273      38    1367
CTETRA      3418       1     452     593     551    1457
CTETRA      3419       1    1183    1389    1078    1555
CTETRA      3420       1     415     425    1422    1516
CTETRA      3421       1     919     558     748    1345
CTETRA      3422       1     624     473    1229    1344
CTETRA      3423       1     718     728     866    1520
CTETRA      3424       1     465    1251    1243    1345
CTETRA      3425       1    1156     248     475     613
CTETRA      3426       1    1056     619     237    1460
CTETRA      3427       1     634     865      38    1367
CTETRA      3428       1     449     499     571    1484
CTETRA      3429       1    1296    1441    1376    1446
CTETRA      3430       1    1287    1412    1411    1426
CTETRA      3431       1     430     327    1407    1464
CTETRA      3432       1    1279    1385    1313    1452
CTETRA      3433       1    1325    1439    1264    1551
CTETRA      3434       1    1270    1444    1339    1500
CTETRA      3435       1    1411    1412    1287    1434
CTETRA      3436       1    1411    1412    1277    1426
CTETRA      3437       1     959      81    1122    1508
CTETRA      3438       1     356     358      81    1508
CTETRA      3439       1     715     670     716    1388
CTETRA      3440       1    1119    1040    1041    1439
CTETRA      3441       1    1277    1412    1411    1434
CTETRA      3442       1     868     898     776    1429
CTETRA      3443       1     957     216    1102    1551
CTETRA      3444       1     973    1059    1058    1558
CTETRA      3445       1     973    1057      88    1558
CTETRA      3446       1    1040    1102    1038    1551
CTETRA      3447       1     282    1330     425    1516
CTETRA      3448       1    1225    1381    1154    1503
CTETRA      3449       1      25     783     642    1475
CTETRA      3450       1    1043    1394    1044    1490
CTETRA      3451       1     407    1480    1342    1508
CTETRA      3452       1     568    1048     237    1460
CTETRA      3453       1    1380    1418    1285    1475
CTETRA      3454       1    1098    1398    1152    1503
CTETRA      3455       1     487     585     579    1404
CTETRA      3456       1     376     119     295    1392
CTETRA      3457       1     572    1492    1335    1545
CTETRA      3458       1     842     725     856    1366
CTETRA      3459       1     371      38     865    1367
CTETRA      3460       1     367     429     423    1369
CTETRA      3461       1    1121    1202    1187    1422
CTETRA      3462       1    1097    1096    1503    1530
CTETRA      3463       1    1315    1363    1265    1461
CTETRA      3464       1    1121    1422    1187    1514
CTETRA      3465       1     697     664     747    1509
CTETRA      3466       1     834     903    1420    1495
CTETRA      3467       1     714     670     715    1416
CTETRA      3468       1    1036    1412    1037    1426
CTETRA      3469       1    1157    1213    1129    1387
CTETRA      3470       1    1212    1129    1167    1459
CTETRA      3471       1    1032    1031    1034    1393
CTETRA      3472       1     721     719     909    1397
CTETRA      3473       1     809    1343     806    1462
CTETRA      3474       1     471     597     518    1458
CTETRA      3475       1     393     433     321    1333
CTETRA      3476       1     987     981     983    1365
CTETRA      3477       1     992    1444    1056    1554
CTETRA      3478       1    1084    1405    1083    1442
CTETRA      3479       1    1019    1018    1467    1469
CTETRA      3480       1     426     411     371    1367
CTETRA      3481       1    1056     237    1048    1460
CTETRA      3482       1     611    1339     469    1511
CTETRA      3483       1     901     899    1477    1507
CTETRA      3484       1     736     737    1411    1434
CTETRA      3485       1    1088    1087    1086    1391
CTETRA      3486       1     507    1134     221    1371
CTETRA      3487       1     589     520     574    1377
CTETRA      3488       1     841     732     752    1383
CTETRA      3489       1     318     442     436    1471
CTETRA      3490       1     862     891     648    1334
CTETRA      3491       1    1201     946    1165    1473
CTETRA      3492       1    1286    1467    1379    1489
CTETRA      3493       1    1313    1385    1276    1452
CTETRA      3494       1     364      14     812    1519
CTETRA      3495       1     579     487    1404    1492
CTETRA      3496       1    1172    1013     986    1526
CTETRA      3497       1    1164    1054    1210    1447
CTETRA      3498       1     618     554     598    1372
CTETRA      3499       1     223     967     490    1375
CTETRA      3500       1     684     874     845    1450
CTETRA      3501       1     772     822     836    1386
CTETRA      3502       1     484     501     500    1340
CTETRA      3503       1     399     363     388    1487
CTETRA      3504       1     569    1444     611    1511
CTETRA      3505       1     768    1449     876    1553
CTETRA      3506       1     834     904     903    1495
CTETRA      3507       1     316    1141     105    1506
CTETRA      3508       1    1346    1519     405    1543
CTETRA      3509       1     718     717    1388    1489
CTETRA      3510       1    1358    1365    1263    1517
CTETRA      3511       1     740     739     836    1386
CTETRA      3512       1    1036    1037    1038    1426
CTETRA      3513       1     375    1420     409    1495
CTETRA      3514       1     601    1339    1436    1497
CTETRA      3515       1    1124    1132    1380    1541
CTETRA      3516       1     286    1408     443    1488
CTETRA      3517       1    1084    1083    1082    1442
CTETRA      3518       1    1270    1500    1403    1507
CTETRA      3519       1     714     170     670    1416
CTETRA      3520       1     736     735     737    1434
CTETRA      3521       1    1263    1365    1358    1559
CTETRA      3522       1    1379    1467    1306    1489
CTETRA      3523       1    1327    1406    1278    1509
CTETRA      3524       1    1358    1365    1299    1559
CTETRA      3525       1     315     327     113    1407
CTETRA      3526       1    1183    1078    1079    1555
CTETRA      3527       1     816     827     815    1430
CTETRA      3528       1     997     996     998    1448
CTETRA      3529       1     391     326     293    1370
CTETRA      3530       1    1183    1079    1389    1555
CTETRA      3531       1     616     567     456    1416
CTETRA      3532       1     720     714     715    1416
CTETRA      3533       1     372     431     423    1366
CTETRA      3534       1    1284    1360    1337    1449
CTETRA      3535       1    1319    1375    1262    1458
CTETRA      3536       1     294     442     380    1471
CTETRA      3537       1     552     166     453    1502
CTETRA      3538       1     588    1336    1505    1546
CTETRA      3539       1     841     843     837    1383
CTETRA      3540       1    1270    1501    1500    1507
CTETRA      3541       1     436     361     360    1399
CTETRA      3542       1     697     695     696    1509
CTETRA      3543       1     719     715     717    1388
CTETRA      3544       1     364     283      14    1519
CTETRA      3545       1     851     849    1345    1435
CTETRA      3546       1    1261    1371    1319    1457
CTETRA      3547       1     119    1133     931    1392
CTETRA      3548       1     106    1024     310    1369
CTETRA      3549       1     618     563     501    1340
CTETRA      3550       1     527     138     543    1557
CTETRA      3551       1     356     299     408    1360
CTETRA      3552       1    1281    1337    1377    1425
CTETRA      3553       1    1049     953     249     559
CTETRA      3554       1    1112    1094    1113    1399
CTETRA      3555       1     276     394     343    1349
CTETRA      3556       1     502     468     578    1352
CTETRA      3557       1     359     413     284    1348
CTETRA      3558       1     470     514     608    1350
CTETRA      3559       1     430     420     327    1464
CTETRA      3560       1    1299    1365    1358    1517
CTETRA      3561       1    1163    1190     930    1487
CTETRA      3562       1     349     410     362    1351
CTETRA      3563       1    1337    1360    1289    1449
CTETRA      3564       1     469    1339     601    1497
CTETRA      3565       1     942    1124    1132    1380
CTETRA      3566       1    1441    1481    1296    1528
CTETRA      3567       1     896    1419     750    1510
CTETRA      3568       1     680     681     628    1358
CTETRA      3569       1     812    1519     816    1543
CTETRA      3570       1     587     582     537    1413
CTETRA      3571       1     943    1188    1531    1534
CTETRA      3572       1     788     166     668    1502
CTETRA      3573       1     846    1358     681    1482
CTETRA      3574       1     998    1001     999    1448
CTETRA      3575       1     507     221     519    1371
CTETRA      3576       1    1291    1421    1405    1438
CTETRA      3577       1     515     466     600    1353
CTETRA      3578       1     605     590    1515    1535
CTETRA      3579       1     321     393    1333    1561
CTETRA      3580       1    1088    1090    1089    1391
CTETRA      3581       1    1396    1451    1265    1454
CTETRA      3582       1     681    1358     680    1559
CTETRA      3583       1    1134     964     221    1371
CTETRA      3584       1    1334    1514     427    1533
CTETRA      3585       1     106     310     367    1369
CTETRA      3586       1    1150    1153    1049    1384
CTETRA      3587       1     480    1117     212    1382
CTETRA      3588       1     797     799     816    1430
CTETRA      3589       1    1405    1421    1290    1438
CTETRA      3590       1    1405    1421    1291    1442
CTETRA      3591       1     630     886     883    1400
CTETRA      3592       1    1290    1421    1405    1442
CTETRA      3593       1    1122     958    1080    1373
CTETRA      3594       1     975     212    1117    1382
CTETRA      3595       1    1044    1046    1136    1394
CTETRA      3596       1    1044    1043    1045    1394
CTETRA      3597       1     425    1330    1422    1516
CTETRA      3598       1     223     490     549    1375
CTETRA      3599       1     356    1360     408    1508
CTETRA      3600       1    1157    1203     950    1464
CTETRA      3601       1    1047    1028    1158    1441
CTETRA      3602       1    1022    1126    1128    1395
CTETRA      3603       1     223    1111     967    1375
CTETRA      3604       1    1003    1002    1001    1409
CTETRA      3605       1    1365    1437    1297    1463
CTETRA      3606       1     315     113    1105    1407
CTETRA      3607       1     367     935     106    1369
CTETRA      3608       1     475     613     565    1374
CTETRA      3609       1    1031    1033    1052    1393
CTETRA      3610       1     335     338      94    1534
CTETRA      3611       1    1025    1369     935    1506
CTETRA      3612       1    1129    1022    1128    1387
CTETRA      3613       1     519     221     964    1371
CTETRA      3614       1    1090    1092    1091    1417
CTETRA      3615       1    1313    1452    1276    1478
CTETRA      3616       1     524    1492     572    1545
CTETRA      3617       1     717     900     719    1397
CTETRA      3618       1     919    1247    1251    1345
CTETRA      3619       1     607     593     519    1371
CTETRA      3620       1     661      14     283    1519
CTETRA      3621       1     931     295     119    1392
CTETRA      3622       1    1024     106     935    1369
CTETRA      3623       1     587    1413     537    1505
CTETRA      3624       1     397     409     375    1420
CTETRA      3625       1    1174     975    1186    1382
CTETRA      3626       1     630     789      31    1400
CTETRA      3627       1    1410    1418    1280    1440
CTETRA      3628       1    1157    1128    1130    1387
CTETRA      3629       1    1233     920    1237    1344
CTETRA      3630       1     975     530     212    1382
CTETRA      3631       1    1154    1149     979    1381
CTETRA      3632       1    1071    1070    1076    1360
CTETRA      3633       1     274     328      45    1465
CTETRA      3634       1     935     105    1141    1506
CTETRA      3635       1    1111     223     549    1375
CTETRA      3636       1    1333    1443     433    1482
CTETRA      3637       1    1285    1418    1410    1440
CTETRA      3638       1    1410    1418    1285    1456
CTETRA      3639       1     661     812      14    1519
CTETRA      3640       1     988    1493    1162    1560
CTETRA      3641       1    1059    1060    1058    1410
CTETRA      3642       1     583     458     595    1415
CTETRA      3643       1    1280    1418    1410    1456
CTETRA      3644       1    1257    1327    1406    1448
CTETRA      3645       1    1085    1084    1086    1405
CTETRA      3646       1     812     797     816    1519
CTETRA      3647       1     823     138     641    1557
CTETRA      3648       1     522     569     611    1511
CTETRA      3649       1    1051    1201    1204    1473
CTETRA      3650       1     480     212     530    1382
CTETRA      3651       1     738     737     739    1411
CTETRA      3652       1     291     415     427    1334
CTETRA      3653       1     455     572     579    1335
CTETRA      3654       1     342     655      21    1480
CTETRA      3655       1    1132    1142    1380    1456
CTETRA      3656       1     789     300      31    1400
CTETRA      3657       1      34     640     282    1516
CTETRA      3658       1     828     768     876    1553
CTETRA      3659       1    1210    1052    1053    1447
CTETRA      3660       1    1335    1523    1300    1545
CTETRA      3661       1     142     535     457    1494
CTETRA      3662       1     549     597     603    1375
CTETRA      3663       1     637     804     142    1494
CTETRA      3664       1     725    1366     635    1465
CTETRA      3665       1     601    1436     609    1497
CTETRA      3666       1    1203    1205    1407    1501
CTETRA      3667       1     764    1423     828    1512
CTETRA      3668       1    1278    1406    1327    1448
CTETRA      3669       1     559     475     622    1374
CTETRA      3670       1     702     700     701    1424
CTETRA      3671       1     866    1419     896    1489
CTETRA      3672       1    1344    1414    1255    1455
CTETRA      3673       1    1437    1463    1365    1559
CTETRA      3674       1    1411    1426    1264    1531
CTETRA      3675       1     308     355     405    1346
CTETRA      3676       1     587     588     539    1336
CTETRA      3677       1    1047    1028    1441    1528
CTETRA      3678       1     642     284      25    1475
CTETRA      3679       1    1101     943      94    1534
CTETRA      3680       1    1223     953    1049    1374
CTETRA      3681       1     623     919    1251    1345
CTETRA      3682       1     828    1512    1423    1553
CTETRA      3683       1     284    1348     413    1475
CTETRA      3684       1     425     312     415    1422
CTETRA      3685       1     704     706     713    1515
CTETRA      3686       1     561     464     193    1414
CTETRA      3687       1     775     643     780    1474
CTETRA      3688       1     444     378     286    1408
CTETRA      3689       1     588    1505     542    1546
CTETRA      3690       1    1319    1383    1262    1433
CTETRA      3691       1     755    1341     695    1509
CTETRA      3692       1      31     434     630    1400
CTETRA      3693       1    1261    1383    1319    1433
CTETRA      3694       1    1212    1361    1204    1522
CTETRA      3695       1     364     405    1519    1543
CTETRA      3696       1    1259    1391    1323    1427
CTETRA      3697       1    1237     920     624    1344
CTETRA      3698       1    1322    1394    1262    1428
CTETRA      3699       1    1293    1362    1316    1484
CTETRA      3700       1    1392    1420    1288    1495
CTETRA      3701       1     906     753     865    1367
CTETRA      3702       1    1288    1420    1392    1550
CTETRA      3703       1     717     716     718    1388
CTETRA      3704       1     704     702     703    1424
CTETRA      3705       1     524     579     572    1492
CTETRA      3706       1    1262    1383    1319    1458
CTETRA      3707       1    1261    1393    1321    1432
CTETRA      3708       1     377     418     392    1364
CTETRA      3709       1    1323    1391    1268    1427
CTETRA      3710       1    1027    1026    1028    1441
CTETRA      3711       1      45     635     274    1465
CTETRA      3712       1    1269    1394    1322    1428
CTETRA      3713       1    1082    1080    1373    1442
CTETRA      3714       1    1290    1373    1421    1442
CTETRA      3715       1    1272    1421    1373    1442
CTETRA      3716       1    1302    1521    1336    1546
CTETRA      3717       1      45     328     723    1465
CTETRA      3718       1     524     210     932    1545
CTETRA      3719       1    1321    1393    1271    1432
CTETRA      3720       1     916     699     870    1540
CTETRA      3721       1    1319    1383    1261    1457
CTETRA      3722       1    1259    1430    1417    1521
CTETRA      3723       1     513    1347     606    1538
CTETRA      3724       1    1450    1482    1333    1561
CTETRA      3725       1    1132    1144    1142    1456
CTETRA      3726       1    1290    1421    1373    1491
CTETRA      3727       1    1373    1421    1272    1491
CTETRA      3728       1      31     300     434    1400
CTETRA      3729       1    1032    1035    1036    1412
CTETRA      3730       1     611    1444    1339    1511
CTETRA      3731       1    1419    1467    1306    1473
CTETRA      3732       1    1249    1247    1244    1435
CTETRA      3733       1     500    1416     616    1479
CTETRA      3734       1     872     918     710    1364
CTETRA      3735       1    1025     935    1026    1506
CTETRA      3736       1      58     375     319    1495
CTETRA      3737       1    1308    1525    1334    1533
CTETRA      3738       1     791     786     785    1401
CTETRA      3739       1     748    1345     558    1453
CTETRA      3740       1     513     617     606    1347
CTETRA      3741       1     982    1365     983    1517
CTETRA      3742       1     401     346    1349    1549
CTETRA      3743       1     415    1422     312    1514
CTETRA      3744       1     908     858     779    1440
CTETRA      3745       1     255     848    1233    1518
CTETRA      3746       1    1296    1441    1446    1481
CTETRA      3747       1    1233     848    1344    1518
CTETRA      3748       1    1094    1112    1096    1399
CTETRA      3749       1     297     382     433    1443
CTETRA      3750       1    1026    1158    1441    1506
CTETRA      3751       1    1249    1384    1345    1435
CTETRA      3752       1     823     888    1556    1557
CTETRA      3753       1    1514    1525     948    1533
CTETRA      3754       1     764     821     828    1423
CTETRA      3755       1     971     992     991    1444
CTETRA      3756       1     848     852    1344    1518
CTETRA      3757       1     394     401     346    1349
CTETRA      3758       1    1260    1388    1340    1416
CTETRA      3759       1     356      81     959    1508
CTETRA      3760       1     398     307     413    1348
CTETRA      3761       1     542     588     587    1505
CTETRA      3762       1     325     914      54    1370
CTETRA      3763       1     758     660     759    1496
CTETRA      3764       1     874     685     712    1450
CTETRA      3765       1    1329    1396    1293    1451
CTETRA      3766       1     638     136     542    1546
CTETRA      3767       1     628     681     846    1358
CTETRA      3768       1     427    1514     370    1533
CTETRA      3769       1     550     596    1350    1542
CTETRA      3770       1     555     674     180    1515
CTETRA      3771       1     375      58     834    1495
CTETRA      3772       1     982    1148    1443    1517
CTETRA      3773       1    1146     993    1126    1436
CTETRA      3774       1    1380    1285    1418    1456
CTETRA      3775       1     608     550     596    1350
CTETRA      3776       1     463     826     147    1496
CTETRA      3777       1     802     658     882    1491
CTETRA      3778       1     342      21     357    1480
CTETRA      3779       1     379     286     443    1488
CTETRA      3780       1     404    1351     353    1547
CTETRA      3781       1    1011    1218    1170    1454
CTETRA      3782       1     435     366     428    1459
CTETRA      3783       1     293     325      54    1370
CTETRA      3784       1    1380    1418    1275    1456
CTETRA      3785       1     554     229     489    1372
CTETRA      3786       1     644     817     884    1455
CTETRA      3787       1    1179    1158     945    1468
CTETRA      3788       1     407    1342     358    1508
CTETRA      3789       1     902     895    1446    1502
CTETRA      3790       1     928    1443    1148    1517
CTETRA      3791       1    1055    1193    1182    1466
CTETRA      3792       1    1333    1443    1263    1526
CTETRA      3793       1     467     168     840    1562
CTETRA      3794       1    1334    1287    1514    1525
CTETRA      3795       1     932    1523    1492    1545
CTETRA      3796       1     229     554    1138    1372
CTETRA      3797       1     847     807     925    1331
CTETRA      3798       1     851    1345     748    1453
CTETRA      3799       1     788     453     166    1502
CTETRA      3800       1     195     944     540    1499
CTETRA      3801       1     404     410     353    1351
CTETRA      3802       1     385    1346     405    1543
CTETRA      3803       1     965     489     229    1372
CTETRA      3804       1     785     637     791    1494
CTETRA      3805       1     601     609     525    1497
CTETRA      3806       1     790     901     899    1477
CTETRA      3807       1     575     553    1352    1537
CTETRA      3808       1    1202    1422     943    1531
CTETRA      3809       1     512     614    1529    1560
CTETRA      3810       1     830    1356     855    1524
CTETRA      3811       1     665     805     806    1462
CTETRA      3812       1    1068    1452    1176    1478
CTETRA      3813       1    1248    1241     267    1384
CTETRA      3814       1     663    1470    1397    1510
CTETRA      3815       1    1505    1521     638    1546
CTETRA      3816       1     415     370     427    1514
CTETRA      3817       1     612     600    1353    1548
CTETRA      3818       1     909    1397     663    1470
CTETRA      3819       1     578     575     553    1352
CTETRA      3820       1    1295    1467    1419    1473
CTETRA      3821       1     821     828    1423    1553
CTETRA      3822       1     612     509     600    1548
CTETRA      3823       1      54     651     293    1370
CTETRA      3824       1     950    1407     327    1464
CTETRA      3825       1     686    1463     680    1527
CTETRA      3826       1     787     769     786    1401
CTETRA      3827       1     866     646     896    1419
CTETRA      3828       1    1143    1193    1433    1466
CTETRA      3829       1    1322    1394    1269    1490
CTETRA      3830       1    1337    1368    1284    1553
CTETRA      3831       1    1268    1391    1323    1486
CTETRA      3832       1     193     464    1123    1414
CTETRA      3833       1     616    1416    1338    1479
CTETRA      3834       1     914     651      54    1370
CTETRA      3835       1    1241     976     267    1384
CTETRA      3836       1     663    1397     900    1510
CTETRA      3837       1    1123    1200    1224    1414
CTETRA      3838       1    1148     985     982    1443
CTETRA      3839       1     899     855     650    1477
CTETRA      3840       1    1283    1401    1389    1494
CTETRA      3841       1     850     675     926    1435
CTETRA      3842       1    1305    1477    1407    1507
CTETRA      3843       1     663     909     900    1397
CTETRA      3844       1    1330    1422    1287    1531
CTETRA      3845       1    1161     948    1525    1533
CTETRA      3846       1     982     928    1148    1517
CTETRA      3847       1     594    1431     576    1532
CTETRA      3848       1     255     676     848    1518
CTETRA      3849       1    1011    1008    1010    1454
CTETRA      3850       1    1271    1393    1321    1485
CTETRA      3851       1     263    1230    1234    1381
CTETRA      3852       1     635    1366     274    1465
CTETRA      3853       1     948      97     370    1533
CTETRA      3854       1     610     604    1502    1539
CTETRA      3855       1    1336    1273    1505    1521
CTETRA      3856       1    1317    1390    1279    1429
CTETRA      3857       1     267    1150    1248    1384
CTETRA      3858       1     193     979     561    1414
CTETRA      3859       1    1151     989    1226    1332
CTETRA      3860       1    1199    1206    1481    1539
CTETRA      3861       1     977    1230     263    1381
CTETRA      3862       1     965     229    1138    1372
CTETRA      3863       1     322     323     305    1361
CTETRA      3864       1     297     433     393    1333
CTETRA      3865       1     655     910      21    1480
CTETRA      3866       1     337     287      42    1378
CTETRA      3867       1     695     691     694    1552
CTETRA      3868       1      34     813     640    1516
CTETRA      3869       1     854     450     186    1529
CTETRA      3870       1     645      42     287    1378
CTETRA      3871       1    1149     263    1234    1381
CTETRA      3872       1      34     282     352    1516
CTETRA      3873       1     394     346     302    1558
CTETRA      3874       1     296     443     386    1488
CTETRA      3875       1    1204    1212     961    1361
CTETRA      3876       1    1280    1335    1492    1523
CTETRA      3877       1    1027    1441    1028    1481
CTETRA      3878       1    1076     959    1077    1508
CTETRA      3879       1    1276    1386    1325    1439
CTETRA      3880       1     337      42     756    1378
CTETRA      3881       1     830     909     869    1470
CTETRA      3882       1     513     516     617    1551
CTETRA      3883       1    1054    1034    1052    1393
CTETRA      3884       1     459     582     587    1499
CTETRA      3885       1     976    1150     267    1384
CTETRA      3886       1    1208    1171     931    1392
CTETRA      3887       1     983    1365     981    1517
CTETRA      3888       1    1306    1467    1419    1489
CTETRA      3889       1     864    1437     687    1529
CTETRA      3890       1    1169    1000    1214    1472
CTETRA      3891       1     896     750     900    1510
CTETRA      3892       1    1295    1419    1467    1489
CTETRA      3893       1    1207    1208    1133    1550
CTETRA      3894       1    1004    1409    1003    1504
CTETRA      3895       1    1305    1507    1501    1552
CTETRA      3896       1     932    1192    1523    1545
CTETRA      3897       1      45     723     635    1465
CTETRA      3898       1     775     780     776    1474
CTETRA      3899       1    1149     977     263    1381
CTETRA      3900       1    1143    1046    1182    1466
CTETRA      3901       1    1069    1181    1179    1468
CTETRA      3902       1    1205    1169     951    1472
CTETRA      3903       1     973     346    1549    1558
CTETRA      3904       1    1422    1531    1330    1534
CTETRA      3905       1     637     142     457    1494
CTETRA      3906       1    1294    1387    1356    1524
CTETRA      3907       1    1264    1325    1386    1439
CTETRA      3908       1     878     638    1521    1546
CTETRA      3909       1     988    1162    1209    1560
CTETRA      3910       1     670     563     840    1445
CTETRA      3911       1     501     563     170    1416
CTETRA      3912       1     776     780     913    1429
CTETRA      3913       1    1007    1476    1006    1504
CTETRA      3914       1     513    1538    1102    1551
CTETRA      3915       1    1341    1460    1444    1554
CTETRA      3916       1    1093    1417    1092    1498
CTETRA      3917       1     766    1425     768    1553
CTETRA      3918       1      58     319     631    1495
CTETRA      3919       1    1270    1501    1507    1552
CTETRA      3920       1     548     579     585    1496
CTETRA      3921       1    1327    1278    1460    1509
CTETRA      3922       1    1208    1392    1133    1550
CTETRA      3923       1     530     580     573    1382
CTETRA      3924       1    1256    1384    1332    1435
CTETRA      3925       1    1187     948    1514    1525
CTETRA      3926       1    1265    1396    1329    1451
CTETRA      3927       1     994     992     995    1554
CTETRA      3928       1    1054    1052    1210    1447
CTETRA      3929       1    1202    1039    1426    1531
CTETRA      3930       1     682    1463    1437    1559
CTETRA      3931       1     682     915     687    1463
CTETRA      3932       1    1098    1152    1225    1503
CTETRA      3933       1    1082    1081    1080    1442
CTETRA      3934       1     992     971    1056    1444
CTETRA      3935       1    1415    1556    1326    1557
CTETRA      3936       1     331     313     103    1468
CTETRA      3937       1     714     567     170    1416
CTETRA      3938       1    1284    1449    1337    1553
CTETRA      3939       1     982     983     981    1517
CTETRA      3940       1    1413    1499    1273    1505
CTETRA      3941       1     407     408    1480    1508
CTETRA      3942       1    1205    1105    1203    1407
CTETRA      3943       1    1358    1482    1263    1559
CTETRA      3944       1    1260    1416    1340    1479
CTETRA      3945       1     724    1465     866    1520
CTETRA      3946       1     424     409     295    1392
CTETRA      3947       1     548     463     147    1496
CTETRA      3948       1     504     569     472    1341
CTETRA      3949       1     624     560     473    1344
CTETRA      3950       1    1233    1227     255    1518
CTETRA      3951       1    1039    1040    1038    1426
CTETRA      3952       1     342     655    1480    1544
CTETRA      3953       1     383     750     646    1419
CTETRA      3954       1    1266    1390    1317    1429
CTETRA      3955       1     645     756      42    1378
CTETRA      3956       1    1187    1412    1035    1525
CTETRA      3957       1     716     840     857    1445
CTETRA      3958       1    1068    1176    1160    1478
CTETRA      3959       1     527     641     138    1557
CTETRA      3960       1     684     683     685    1450
CTETRA      3961       1     195     540     459    1499
CTETRA      3962       1    1199    1104    1206    1539
CTETRA      3963       1    1005    1004    1003    1504
CTETRA      3964       1      62     321     845    1561
CTETRA      3965       1    1267    1369    1366    1465
CTETRA      3966       1    1101      94     338    1534
CTETRA      3967       1     935    1369     367    1506
CTETRA      3968       1    1281    1368    1337    1553
CTETRA      3969       1     725     635     724    1465
CTETRA      3970       1     388     339     434    1400
CTETRA      3971       1    1490    1528    1353    1548
CTETRA      3972       1     943      95     335    1422
CTETRA      3973       1     932    1492     524    1545
CTETRA      3974       1     605     474     590    1535
CTETRA      3975       1    1360    1480     408    1508
CTETRA      3976       1    1353    1490    1269    1528
CTETRA      3977       1     857    1445     840    1562
CTETRA      3978       1    1407    1477    1292    1507
CTETRA      3979       1    1218    1010    1013    1451
CTETRA      3980       1    1324    1414    1255    1530
CTETRA      3981       1     210    1108     932    1545
CTETRA      3982       1     524     481     210    1545
CTETRA      3983       1    1007    1009    1008    1476
CTETRA      3984       1     623     465     558    1345
CTETRA      3985       1    1154    1097    1225    1503
CTETRA      3986       1     861     820     819    1438
CTETRA      3987       1     891     734     736    1434
CTETRA      3988       1     456     609     616    1338
CTETRA      3989       1    1342    1508    1289    1555
CTETRA      3990       1     826     660     147    1496
CTETRA      3991       1    1404    1492    1280    1496
CTETRA      3992       1     193    1123     979    1414
CTETRA      3993       1     658     859     912    1491
CTETRA      3994       1     313    1069     103    1468
CTETRA      3995       1    1197    1198    1115    1499
CTETRA      3996       1     752     893     843    1383
CTETRA      3997       1    1093    1092    1094    1498
CTETRA      3998       1     910     357      21    1480
CTETRA      3999       1     188     498     653    1453
CTETRA      4000       1     555     180     497    1515
CTETRA      4001       1    1060    1410    1180    1523
CTETRA      4002       1    1187    1161     948    1525
CTETRA      4003       1    1332    1408    1299    1527
CTETRA      4004       1     674     713     180    1515
CTETRA      4005       1     805     659     815    1462
CTETRA      4006       1     289      57     647    1420
CTETRA      4007       1     944     195    1115    1499
CTETRA      4008       1     598    1445    1372    1562
CTETRA      4009       1    1361    1397    1295    1522
CTETRA      4010       1     740     822     886    1386
CTETRA      4011       1     750    1419     383    1510
CTETRA      4012       1      58     631     834    1495
CTETRA      4013       1     945     331     103    1468
CTETRA      4014       1    1366    1369    1267    1506
CTETRA      4015       1     558     498     188    1453
CTETRA      4016       1      97     304     370    1533
CTETRA      4017       1     913     779     868    1429
CTETRA      4018       1    1305    1407    1501    1507
CTETRA      4019       1    1407    1292    1501    1507
CTETRA      4020       1     462     542     136    1546
CTETRA      4021       1     638     803     136    1546
CTETRA      4022       1     469     611     601    1339
CTETRA      4023       1    1361    1470     323    1510
CTETRA      4024       1    1365    1437    1263    1493
CTETRA      4025       1     638    1505     879    1521
CTETRA      4026       1    1195    1087    1089    1391
CTETRA      4027       1     334     386     271    1358
CTETRA      4028       1     488     644     134    1413
CTETRA      4029       1     334     271     333    1358
CTETRA      4030       1     542    1505     638    1546
CTETRA      4031       1     902     788     895    1502
CTETRA      4032       1     852     678     848    1344
CTETRA      4033       1    1180    1492     932    1523
CTETRA      4034       1    1244    1250    1249    1435
CTETRA      4035       1     667     840     168    1562
CTETRA      4036       1     748     851     849    1345
CTETRA      4037       1     878     885     803    1546
CTETRA      4038       1     731     735     734    1434
CTETRA      4039       1     956    1177    1106    1431
CTETRA      4040       1     323    1361     435    1470
CTETRA      4041       1     543     823     139    1415
CTETRA      4042       1    1046    1045    1181    1394
CTETRA      4043       1     208    1103     545    1404
CTETRA      4044       1     905     854     186    1529
CTETRA      4045       1     911     855     830    1356
CTETRA      4046       1     506     168     467    1562
CTETRA      4047       1    1338    1395    1258    1436
CTETRA      4048       1    1184     955    1178    1377
CTETRA      4049       1     201     482    1116    1402
CTETRA      4050       1     511     186     450    1529
CTETRA      4051       1    1133    1392     376    1550
CTETRA      4052       1    1039    1037    1202    1426
CTETRA      4053       1    1007    1006    1005    1504
CTETRA      4054       1     915     923     653    1453
CTETRA      4055       1     652     874     918    1561
CTETRA      4056       1    1297    1437    1365    1493
CTETRA      4057       1    1449    1480     655    1544
CTETRA      4058       1    1227     676     255    1518
CTETRA      4059       1    1192    1108    1174    1545
CTETRA      4060       1    1270    1552    1341    1554
CTETRA      4061       1    1341    1552    1278    1554
CTETRA      4062       1     820     888     800    1556
CTETRA      4063       1     432     334     382    1443
CTETRA      4064       1     646     288     383    1419
CTETRA      4065       1    1354    1476    1315    1504
CTETRA      4066       1     458     543     139    1415
CTETRA      4067       1    1341    1460    1278    1509
CTETRA      4068       1     139     639     458    1415
CTETRA      4069       1     939     526     201    1402
CTETRA      4070       1     813      34     352    1516
CTETRA      4071       1     335      95     312    1422
CTETRA      4072       1     538     594     576    1532
CTETRA      4073       1     714     636     171     567
CTETRA      4074       1    1263    1437    1365    1559
CTETRA      4075       1     487    1107     208    1404
CTETRA      4076       1     376     409     397    1550
CTETRA      4077       1     610     547     604    1539
CTETRA      4078       1     147     660     548    1496
CTETRA      4079       1     323     383     439    1510
CTETRA      4080       1    1258    1403    1339    1500
CTETRA      4081       1    1344    1381    1236    1518
CTETRA      4082       1    1326    1415    1291    1556
CTETRA      4083       1    1267    1446    1441    1481
CTETRA      4084       1      97     948    1211    1533
CTETRA      4085       1     454     632     145    1532
CTETRA      4086       1     134     811     537    1413
CTETRA      4087       1    1260    1338    1395    1483
CTETRA      4088       1     840     563     467    1445
CTETRA      4089       1     407     403     358    1342
CTETRA      4090       1    1358    1263    1443    1517
CTETRA      4091       1     966     495    1539    1548
CTETRA      4092       1     195     459    1115    1499
CTETRA      4093       1    1233    1344    1236    1518
CTETRA      4094       1    1056    1460     996    1554
CTETRA      4095       1     364     405     283    1519
CTETRA      4096       1    1287    1514    1422    1516
CTETRA      4097       1     901     693    1507    1552
CTETRA      4098       1    1191    1083    1085    1405
CTETRA      4099       1      57     289     375    1420
CTETRA      4100       1     947     118     373    1550
CTETRA      4101       1    1340    1388    1286    1445
CTETRA      4102       1    1298    1398    1331    1471
CTETRA      4103       1     467     840    1445    1562
CTETRA      4104       1     333     321     433    1482
CTETRA      4105       1     943    1121      95    1422
CTETRA      4106       1     428     420     347    1356
CTETRA      4107       1    1342    1373    1272    1491
CTETRA      4108       1    1296    1481    1446    1502
CTETRA      4109       1     879    1430     799    1521
CTETRA      4110       1    1286    1388    1340    1469
CTETRA      4111       1    1098    1099    1152    1398
CTETRA      4112       1     699     698    1406    1540
CTETRA      4113       1    1037    1035    1187    1412
CTETRA      4114       1     966     495     227    1539
CTETRA      4115       1     134     537     488    1413
CTETRA      4116       1     811     134     644    1413
CTETRA      4117       1     926    1435     851    1527
CTETRA      4118       1     370    1514     948    1533
CTETRA      4119       1    1121     312      95    1422
CTETRA      4120       1    1299    1408    1332    1488
CTETRA      4121       1    1116     939     201    1402
CTETRA      4122       1     526     482     201    1402
CTETRA      4123       1     545     487     208    1404
CTETRA      4124       1    1107    1103     208    1404
CTETRA      4125       1     423     316     367    1506
CTETRA      4126       1    1177     956    1173    1431
CTETRA      4127       1     815     809     806    1462
CTETRA      4128       1    1318    1404    1280    1496
CTETRA      4129       1     299     396     408    1360
CTETRA      4130       1    1372    1445    1286    1562
CTETRA      4131       1     385     405     364    1543
CTETRA      4132       1      57     375     834    1420
CTETRA      4133       1     996    1048     998    1460
CTETRA      4134       1     857     667     902    1562
CTETRA      4135       1     437     361     387    1399
CTETRA      4136       1    1315    1515    1274    1535
CTETRA      4137       1    1188    1202     943    1531
CTETRA      4138       1     891     897     813    1516
CTETRA      4139       1     880     877     642    1475
CTETRA      4140       1      57     834     647    1420
CTETRA      4141       1    1446    1481    1312    1502
CTETRA      4142       1    1018    1016    1020    1469
CTETRA      4143       1    1297    1316    1437    1493
CTETRA      4144       1     823     639     139    1415
CTETRA      4145       1    1481    1502    1296    1539
CTETRA      4146       1    1180    1060    1061    1410
CTETRA      4147       1    1312    1502    1481    1539
CTETRA      4148       1    1233    1229    1236    1344
CTETRA      4149       1     878     638     879    1521
CTETRA      4150       1    1126     936    1146    1436
CTETRA      4151       1     750      47     383     646
CTETRA      4152       1     850     688     677    1408
CTETRA      4153       1    1255    1414    1324    1455
CTETRA      4154       1     724     723     866    1465
CTETRA      4155       1    1249    1243    1247    1345
CTETRA      4156       1    1081    1083    1189    1442
CTETRA      4157       1     860     787     910    1480
CTETRA      4158       1    1258    1436    1339    1497
CTETRA      4159       1     522     611     469    1511
CTETRA      4160       1    1072    1368    1074    1541
CTETRA      4161       1     736     738     897    1411
CTETRA      4162       1    1297    1437    1316    1529
CTETRA      4163       1    1143    1182    1193    1466
CTETRA      4164       1    1339    1403    1258    1497
CTETRA      4165       1     376    1392     409    1550
CTETRA      4166       1    1273    1413    1324    1499
CTETRA      4167       1    1342    1480    1289    1508
CTETRA      4168       1     992    1056     996    1554
CTETRA      4169       1     655    1449     860    1480
CTETRA      4170       1    1180     932    1192    1523
CTETRA      4171       1    1207    1002    1004    1409
CTETRA      4172       1     945     103    1069    1468
CTETRA      4173       1    1009    1012    1010    1451
CTETRA      4174       1     863     820     794    1438
CTETRA      4175       1    1288    1328    1420    1550
CTETRA      4176       1     959    1122    1077    1508
CTETRA      4177       1     713     497     180    1515
CTETRA      4178       1     568     619     504    1460
CTETRA      4179       1     636     456     171     567
CTETRA      4180       1     820    1438     863    1556
CTETRA      4181       1    1073    1177    1074    1368
CTETRA      4182       1     486     533     576    1431
CTETRA      4183       1     621     584     464    1414
CTETRA      4184       1    1331    1398    1298    1503
CTETRA      4185       1    1161    1054    1211    1533
CTETRA      4186       1     169     840     670     563
CTETRA      4187       1     115     390     440    1472
CTETRA      4188       1     546     500     616    1479
CTETRA      4189       1     851     675     849    1435
CTETRA      4190       1     479     615     566    1357
CTETRA      4191       1     188     748     558    1453
CTETRA      4192       1    1197    1091    1093    1417
CTETRA      4193       1     905     864     687    1529
CTETRA      4194       1     321      62     270    1561
CTETRA      4195       1     908     758     761    1440
CTETRA      4196       1    1256    1435    1332    1527
CTETRA      4197       1     556     241     972    1535
CTETRA      4198       1    1338    1436    1258    1497
CTETRA      4199       1     364    1519     812    1543
CTETRA      4200       1     481    1108     210    1545
CTETRA      4201       1     611     505     601    1339
CTETRA      4202       1    1094    1096    1095    1498
CTETRA      4203       1     276     401     394    1349
CTETRA      4204       1     359     398     413    1348
CTETRA      4205       1    1270    1403    1339    1511
CTETRA      4206       1     834    1420     375    1495
CTETRA      4207       1     606     617     461    1347
CTETRA      4208       1     115    1214     390    1472
CTETRA      4209       1      62     845     652    1561
CTETRA      4210       1    1074    1072    1073    1368
CTETRA      4211       1     357     407     408    1480
CTETRA      4212       1    1183    1389     937    1536
CTETRA      4213       1     470     608     596    1350
CTETRA      4214       1     188     653     748    1453
CTETRA      4215       1    1096    1098    1097    1503
CTETRA      4216       1     270     392     393    1561
CTETRA      4217       1     937    1183    1185    1389
CTETRA      4218       1     701     903     703    1424
CTETRA      4219       1    1255    1381    1344    1518
CTETRA      4220       1    1101    1190    1188    1534
CTETRA      4221       1     605     590     497    1515
CTETRA      4222       1    1171    1006    1008    1476
CTETRA      4223       1    1316    1493    1297    1560
CTETRA      4224       1     415     352     425    1516
CTETRA      4225       1     410     404     362    1351
CTETRA      4226       1     462     136     803    1546
CTETRA      4227       1     511     905     186    1529
CTETRA      4228       1    1223    1215     953    1374
CTETRA      4229       1     659     280      13    1543
CTETRA      4230       1      97    1211     304    1533
CTETRA      4231       1     115     440     951    1472
CTETRA      4232       1     646      47     383     288
CTETRA      4233       1     439     288     417    1419
CTETRA      4234       1     692     844     825    1497
CTETRA      4235       1    1130    1500     994    1501
CTETRA      4236       1     466     612     600    1353
CTETRA      4237       1     468     575     578    1352
CTETRA      4238       1     792     793     794    1421
CTETRA      4239       1    1263    1443    1333    1482
CTETRA      4240       1     980     928     981    1517
CTETRA      4241       1     525     469     601    1497
CTETRA      4242       1    1284    1512    1368    1541
CTETRA      4243       1     374     946     108    1473
CTETRA      4244       1     923     851     748    1453
CTETRA      4245       1    1287    1422    1330    1516
CTETRA      4246       1     537     811     135    1505
CTETRA      4247       1     426     427     304    1533
CTETRA      4248       1     209    1107     487    1492
CTETRA      4249       1    1297    1529    1316    1560
CTETRA      4250       1     308     405     385    1346
CTETRA      4251       1     682     680    1463    1559
CTETRA      4252       1     721     829     825    1483
CTETRA      4253       1    1218    1011    1010    1454
CTETRA      4254       1     716     670     840    1445
CTETRA      4255       1    1284    1348    1512    1541
CTETRA      4256       1      96     312    1121    1514
CTETRA      4257       1     314    1213     112    1464
CTETRA      4258       1    1260    1395    1338    1479
CTETRA      4259       1    1339    1444    1270    1511
CTETRA      4260       1     478     589     574    1377
CTETRA      4261       1     547     227     495    1539
CTETRA      4262       1    1214     115     951    1472
CTETRA      4263       1     888     641     885    1557
CTETRA      4264       1     766     828     821    1553
CTETRA      4265       1    1015    1021    1016    1479
CTETRA      4266       1     506     667     168    1562
CTETRA      4267       1     997     999    1000    1448
CTETRA      4268       1     840     169     467     563
CTETRA      4269       1     650     290      52    1477
CTETRA      4270       1     381     442     294    1398
CTETRA      4271       1    1340    1388    1260    1469
CTETRA      4272       1     170     567     501    1416
CTETRA      4273       1     462     592     588    1546
CTETRA      4274       1     727     746     856    1376
CTETRA      4275       1     305     374     108    1473
CTETRA      4276       1     538     454     145    1532
CTETRA      4277       1     824     145     632    1532
CTETRA      4278       1     785     804     637    1494
CTETRA      4279       1     792    1421     882    1491
CTETRA      4280       1     111    1213     314    1459
CTETRA      4281       1    1258    1395    1338    1483
CTETRA      4282       1     290     344      52    1477
CTETRA      4283       1    1376    1441    1296    1528
CTETRA      4284       1     761     759     762    1418
CTETRA      4285       1     898     833     656    1355
CTETRA      4286       1     403     407     278    1342
CTETRA      4287       1     281     395     345    1355
CTETRA      4288       1     846     681     684    1482
CTETRA      4289       1    1158    1028    1026    1441
CTETRA      4290       1     619     494     569    1444
CTETRA      4291       1     373     118     376    1550
CTETRA      4292       1     609     601     493    1436
CTETRA      4293       1    1256    1345    1384    1435
CTETRA      4294       1      52     344     790    1477
CTETRA      4295       1     827     799     879    1430
CTETRA      4296       1     457     586     581    1494
CTETRA      4297       1     572     580     481    1545
CTETRA      4298       1     467    1445     598    1562
CTETRA      4299       1     610     506     598    1562
CTETRA      4300       1    1270    1339    1403    1500
CTETRA      4301       1     389     323     435    1470
CTETRA      4302       1    1278    1460    1341    1554
CTETRA      4303       1    1051     305     108    1473
CTETRA      4304       1     828     766     768    1553
CTETRA      4305       1    1337    1425    1281    1553
CTETRA      4306       1    1263    1333    1450    1482
CTETRA      4307       1     930     272      92    1487
CTETRA      4308       1     274     429     328    1465
CTETRA      4309       1     947    1133     118    1550
CTETRA      4310       1     631     873     904    1495
CTETRA      4311       1     501     484     618    1340
CTETRA      4312       1     284     413     406    1475
CTETRA      4313       1    1175    1061    1144    1456
CTETRA      4314       1    1283    1494    1389    1536
CTETRA      4315       1    1104     966     227    1539
CTETRA      4316       1     654     772     838    1357
CTETRA      4317       1    1263    1450    1333    1526
CTETRA      4318       1    1228      69     446    1240
CTETRA      4319       1     191     625    1238     473
CTETRA      4320       1     661     796     797    1519
CTETRA      4321       1    1243     252     626    1252
CTETRA      4322       1     445    1239      68     294
CTETRA      4323       1     635     725     842    1366
CTETRA      4324       1    1270    1444    1341    1511
CTETRA      4325       1     624    1229     190    1237
CTETRA      4326       1     690     691     673    1511
CTETRA      4327       1     576     594     486    1431
CTETRA      4328       1     880     642     783    1475
CTETRA      4329       1     747     755     695    1509
CTETRA      4330       1     389     323    1470    1510
CTETRA      4331       1    1254     286     130     447
CTETRA      4332       1     251     623    1251     465
CTETRA      4333       1     286     129     444    1253
CTETRA      4334       1    1338    1416    1260    1479
CTETRA      4335       1    1423    1431    1318    1532
CTETRA      4336       1     901     694     693    1552
CTETRA      4337       1    1353    1528    1296    1548
CTETRA      4338       1     366     111     314    1459
CTETRA      4339       1     677     688     679    1408
CTETRA      4340       1     327     314     112    1464
CTETRA      4341       1     773     771     774    1385
CTETRA      4342       1    1130     991     994    1500
CTETRA      4343       1    1051     108     946    1473
CTETRA      4344       1     111     366    1167    1459
CTETRA      4345       1     389    1470     663    1510
CTETRA      4346       1     663      49     869    1470
CTETRA      4347       1     692     689     844    1497
CTETRA      4348       1    1368    1512    1284    1553
CTETRA      4349       1     932     209     524    1492
CTETRA      4350       1     650      52     790    1477
CTETRA      4351       1    1203    1105     950    1407
CTETRA      4352       1     668     895     788    1502
CTETRA      4353       1    1356    1387    1294    1459
CTETRA      4354       1    1272    1401    1389    1555
CTETRA      4355       1    1033     964    1134    1371
CTETRA      4356       1    1136     967    1111    1375
CTETRA      4357       1    1004    1006    1208    1504
CTETRA      4358       1     984     985     986    1526
CTETRA      4359       1    1107    1404     487    1492
CTETRA      4360       1     538     145     824    1532
CTETRA      4361       1     292     340     416    1359
CTETRA      4362       1     407     356     408    1508
CTETRA      4363       1     849     919     748    1345
CTETRA      4364       1     226     495     966    1548
CTETRA      4365       1     467     618     598    1445
CTETRA      4366       1    1228      69     294     446
CTETRA      4367       1     294    1239      68    1228
CTETRA      4368       1    1098     963    1099    1398
CTETRA      4369       1     370     312      96    1514
CTETRA      4370       1     443     286     378    1408
CTETRA      4371       1     135     638     542    1505
CTETRA      4372       1     537    1413     811    1505
CTETRA      4373       1    1292    1387    1356    1464
CTETRA      4374       1     473    1229     190     624
CTETRA      4375       1    1238     191     473    1229
CTETRA      4376       1     241     556     474    1535
CTETRA      4377       1    1360    1480    1449    1544
CTETRA      4378       1    1068    1067    1066    1452
CTETRA      4379       1     241    1014     972    1535
CTETRA      4380       1     112     950     327    1464
CTETRA      4381       1    1213     950     112    1464
CTETRA      4382       1     932    1107     209    1492
CTETRA      4383       1     209     487     524    1492
CTETRA      4384       1      62     652     270    1561
CTETRA      4385       1     678     920     848    1344
CTETRA      4386       1    1243     252     465     626
CTETRA      4387       1    1251     251     465    1243
CTETRA      4388       1     111    1167    1213    1459
CTETRA      4389       1     286    1254     130    1242
CTETRA      4390       1     129     286    1242    1253
CTETRA      4391       1     663     389      49    1470
CTETRA      4392       1     542     537     135    1505
CTETRA      4393       1     811     638     135    1505
CTETRA      4394       1     823     641     888    1557
CTETRA      4395       1     683     682    1437    1559
CTETRA      4396       1     649     890     754    1359
CTETRA      4397       1    1009    1023     927    1363
CTETRA      4398       1    1360    1449    1284    1544
CTETRA      4399       1     916     701     698    1540
CTETRA      4400       1     547    1104     227    1539
CTETRA      4401       1    1160     954    1118    1478
CTETRA      4402       1     363      92     272    1487
CTETRA      4403       1     604     453     610    1502
CTETRA      4404       1    1156     247     613    1560
CTETRA      4405       1    1080     958    1082    1373
CTETRA      4406       1     312    1422    1121    1514
CTETRA      4407       1     318     665      10    1471
CTETRA      4408       1     972     556    1535    1537
CTETRA      4409       1    1368    1512    1275    1541
CTETRA      4410       1      13     812     659    1543
CTETRA      4411       1     616     500     501    1416
CTETRA      4412       1    1133     376     118    1550
CTETRA      4413       1    1062    1060    1192    1523
CTETRA      4414       1    1120    1041    1190    1439
CTETRA      4415       1     315     391     430    1407
CTETRA      4416       1     699     698     696    1406
CTETRA      4417       1    1174    1065    1062    1390
CTETRA      4418       1    1341    1444    1270    1554
CTETRA      4419       1     512     562     614    1560
CTETRA      4420       1     241     474    1014    1535
CTETRA      4421       1     878     799     798    1521
CTETRA      4422       1    1019    1018    1201    1467
CTETRA      4423       1     592     527     591    1557
CTETRA      4424       1     863    1415     823    1556
CTETRA      4425       1     314    1459    1213    1464
CTETRA      4426       1    1025    1024     935    1369
CTETRA      4427       1     872     710     917    1364
CTETRA      4428       1     926     851     686    1527
CTETRA      4429       1     829     830     855    1524
CTETRA      4430       1    1251    1247    1243    1345
CTETRA      4431       1     370      96     948    1514
CTETRA      4432       1      92     363    1145    1487
CTETRA      4433       1    1348    1380    1275    1541
CTETRA      4434       1     319     375     409    1495
CTETRA      4435       1     709     918     712    1396
CTETRA      4436       1     713     674     704    1515
CTETRA      4437       1    1149     264    1220    1234
CTETRA      4438       1    1233     848     256     920
CTETRA      4439       1     728     726     724    1520
CTETRA      4440       1     867     746     727    1376
CTETRA      4441       1     792     882     912    1491
CTETRA      4442       1      96    1121     948    1514
CTETRA      4443       1    1281    1431    1423    1532
CTETRA      4444       1     943    1101    1188    1534
CTETRA      4445       1    1361    1397    1294    1470
CTETRA      4446       1    1225     977    1154    1381
CTETRA      4447       1      92    1145     930    1487
CTETRA      4448       1    1233    1237    1229    1344
CTETRA      4449       1     511     512     614    1529
CTETRA      4450       1     686     682     680    1463
CTETRA      4451       1     493     546     609    1436
CTETRA      4452       1    1026    1141    1158    1506
CTETRA      4453       1    1281    1423    1368    1553
CTETRA      4454       1    1348    1275    1512    1541
CTETRA      4455       1    1203    1130     994    1501
CTETRA      4456       1     919    1247     849     260
CTETRA      4457       1    1016    1018    1017    1469
CTETRA      4458       1     876    1449     655    1544
CTETRA      4459       1     689     690     673    1511
CTETRA      4460       1    1295    1397    1361    1510
CTETRA      4461       1    1368    1423    1275    1512
CTETRA      4462       1     727     726     895    1446
CTETRA      4463       1     364      13     280    1543
CTETRA      4464       1     678     924     817    1455
CTETRA      4465       1     693     831     899    1507
CTETRA      4466       1    1292    1356    1387    1524
CTETRA      4467       1    1035    1034    1161    1525
CTETRA      4468       1     663      48     389    1510
CTETRA      4469       1     837     669     841    1458
CTETRA      4470       1     825     720     721    1483
CTETRA      4471       1     378     320     443    1408
CTETRA      4472       1    1153     976    1226    1384
CTETRA      4473       1     418     377     269    1364
CTETRA      4474       1     509     495     226    1548
CTETRA      4475       1     476     510     571    1362
CTETRA      4476       1    1050     929    1155    1362
CTETRA      4477       1    1063    1062    1065    1390
CTETRA      4478       1    1294    1397    1361    1522
CTETRA      4479       1     296     980     127    1488
CTETRA      4480       1     766     765     767    1425
CTETRA      4481       1     835     732     841    1457
CTETRA      4482       1    1042     509     226    1548
CTETRA      4483       1    1156    1209     247    1560
CTETRA      4484       1     810     921       9     380
CTETRA      4485       1     683     682     687    1437
CTETRA      4486       1     810     380      10    1471
CTETRA      4487       1     698     697     696    1406
CTETRA      4488       1    1289    1449    1360    1480
CTETRA      4489       1    1041    1039    1188    1531
CTETRA      4490       1     906     865     634    1367
CTETRA      4491       1    1099     381      70    1221
CTETRA      4492       1    1263    1358    1443    1482
CTETRA      4493       1    1208     931    1133    1392
CTETRA      4494       1     323     322     435    1361
CTETRA      4495       1     980     978     127    1488
CTETRA      4496       1     284     406     368    1475
CTETRA      4497       1    1027    1028    1199    1481
CTETRA      4498       1     722     708     627    1461
CTETRA      4499       1     665     810      10    1471
CTETRA      4500       1    1093    1095    1198    1498
CTETRA      4501       1     768     766     767    1425
CTETRA      4502       1     750     896     646    1419
CTETRA      4503       1     318      10     380    1471
CTETRA      4504       1    1058    1063    1057    1558
CTETRA      4505       1     694     691     693    1552
CTETRA      4506       1     764     763     821    1423
CTETRA      4507       1     407     358     356    1508
CTETRA      4508       1     686     923     915    1463
CTETRA      4509       1     975    1117    1186    1382
CTETRA      4510       1     876     860     655    1449
CTETRA      4511       1     372     423     274    1366
CTETRA      4512       1     491     218     969    1542
CTETRA      4513       1    1140     940    1064    1513
CTETRA      4514       1    1020    1212    1204    1522
CTETRA      4515       1      13     364     812    1543
CTETRA      4516       1     496     508     599    1363
CTETRA      4517       1     591     527     543    1557
CTETRA      4518       1    1097    1095    1096    1530
CTETRA      4519       1     558     622     498    1453
CTETRA      4520       1     848     676     852    1518
CTETRA      4521       1     759     660     826    1496
CTETRA      4522       1     796     800     798    1427
CTETRA      4523       1    1423    1512    1368    1553
CTETRA      4524       1     745     744     743    1428
CTETRA      4525       1     966    1042     226    1548
CTETRA      4526       1    1387    1459    1356    1464
CTETRA      4527       1     677     378      67     922
CTETRA      4528       1    1053    1139    1143    1433
CTETRA      4529       1     718     896     717    1489
CTETRA      4530       1     774     894     773    1385
CTETRA      4531       1    1289    1480    1360    1508
CTETRA      4532       1     667     857     840    1562
CTETRA      4533       1     711     709     712    1396
CTETRA      4534       1    1235    1227    1236    1518
CTETRA      4535       1     789     630     883    1400
CTETRA      4536       1    1131    1030    1032    1485
CTETRA      4537       1    1086     960    1100    1486
CTETRA      4538       1    1492    1523    1335    1545
CTETRA      4539       1     445       9     921     380
CTETRA      4540       1     383      48     750    1510
CTETRA      4541       1     687     864     683    1437
CTETRA      4542       1     127     978     379    1488
CTETRA      4543       1     690     692     831    1403
CTETRA      4544       1    1131     218     550    1542
CTETRA      4545       1     751     730     733    1432
CTETRA      4546       1    1040    1119     957    1551
CTETRA      4547       1    1132    1142     942    1380
CTETRA      4548       1    1221     381      70     446
CTETRA      4549       1     256    1237    1233     920
CTETRA      4550       1    1238    1220     264    1234
CTETRA      4551       1     260     919    1247    1251
CTETRA      4552       1     534    1110     203    1536
CTETRA      4553       1     937     536     203    1536
CTETRA      4554       1     556     972     240    1537
CTETRA      4555       1     513     217    1102    1538
CTETRA      4556       1     491     969     217    1538
CTETRA      4557       1     562     613     247    1560
CTETRA      4558       1     240    1137     553    1537
CTETRA      4559       1     824     632     821    1532
CTETRA      4560       1    1043    1166    1047    1528
CTETRA      4561       1     699     916     698    1540
CTETRA      4562       1     442     381     285    1398
CTETRA      4563       1    1114     348      78    1547
CTETRA      4564       1     353     960      78    1547
CTETRA      4565       1    1135      87     309    1549
CTETRA      4566       1     346      87     973    1549
CTETRA      4567       1     622     475     565    1374
CTETRA      4568       1     331     419     313    1468
CTETRA      4569       1    1203     994    1205    1501
CTETRA      4570       1     835     666     732    1457
CTETRA      4571       1    1042    1043     970    1490
CTETRA      4572       1     273     371     411    1367
CTETRA      4573       1     753     751     733    1432
CTETRA      4574       1    1336    1521    1505    1546
CTETRA      4575       1     338     335     438    1534
CTETRA      4576       1     897     640     813    1516
CTETRA      4577       1     910     655     860    1480
CTETRA      4578       1     295     409     376    1392
CTETRA      4579       1     338     438     339    1534
CTETRA      4580       1     669     837     801    1458
CTETRA      4581       1     902     895     726    1446
CTETRA      4582       1     379     296     127    1488
CTETRA      4583       1     932    1108    1192    1545
CTETRA      4584       1    1020    1022    1212    1522
CTETRA      4585       1    1019    1201    1165    1467
CTETRA      4586       1     611     569     494    1444
CTETRA      4587       1     722     706     708    1461
CTETRA      4588       1    1157    1129    1128    1387
CTETRA      4589       1     764     875     877    1512
CTETRA      4590       1     444      67     378     922
CTETRA      4591       1      22     275     784    1544
CTETRA      4592       1     769     785     786    1401
CTETRA      4593       1     853     629     749    1484
CTETRA      4594       1     327     315     430    1407
CTETRA      4595       1     899     901     693    1507
CTETRA      4596       1     464     561     621    1414
CTETRA      4597       1     687     854     905    1529
CTETRA      4598       1    1138    1159     965    1372
CTETRA      4599       1     972    1014    1005    1535
CTETRA      4600       1     680     688     686    1527
CTETRA      4601       1     878     803     638    1546
CTETRA      4602       1    1126    1022    1021    1395
CTETRA      4603       1     655     342      22    1544
CTETRA      4604       1     562     247    1209    1560
CTETRA      4605       1    1334    1525    1514    1533
CTETRA      4606       1    1072    1074    1132    1541
CTETRA      4607       1     457     535     586    1494
CTETRA      4608       1     436     387     361    1399
CTETRA      4609       1     552     453     604    1502
CTETRA      4610       1     914     871     651    1370
CTETRA      4611       1    1053    1143    1193    1433
CTETRA      4612       1    1047    1166    1028    1528
CTETRA      4613       1     798     800     885    1427
CTETRA      4614       1     816     659     812    1543
CTETRA      4615       1     936    1021    1015    1479
CTETRA      4616       1     652     845     874    1561
CTETRA      4617       1    1084    1085    1083    1405
CTETRA      4618       1     889     744     745    1428
CTETRA      4619       1     925     852     676    1518
CTETRA      4620       1     310     429     367    1369
CTETRA      4621       1     507     519     593    1371
CTETRA      4622       1    1086    1100    1088    1486
CTETRA      4623       1    1093    1091    1092    1417
CTETRA      4624       1    1032    1030    1031    1485
CTETRA      4625       1     752     843     841    1383
CTETRA      4626       1    1089    1087    1088    1391
CTETRA      4627       1     550     218     491    1542
CTETRA      4628       1    1131     969     218    1542
CTETRA      4629       1    1080    1079    1077    1555
CTETRA      4630       1     740     836     822    1386
CTETRA      4631       1    1162     988     984    1493
CTETRA      4632       1     716     717     715    1388
CTETRA      4633       1     490     597     549    1375
CTETRA      4634       1     900     909     719    1397
CTETRA      4635       1     829     855     831    1524
CTETRA      4636       1    1161    1211     948    1533
CTETRA      4637       1    1046    1044    1045    1394
CTETRA      4638       1     845     846     684    1482
CTETRA      4639       1     388     434     300    1400
CTETRA      4640       1     970    1043    1044    1490
CTETRA      4641       1    1061    1060    1059    1410
CTETRA      4642       1     357     408     342    1480
CTETRA      4643       1     645     887     756    1378
CTETRA      4644       1    1097    1224    1200    1530
CTETRA      4645       1     863     823     888    1556
CTETRA      4646       1     863     639     823    1415
CTETRA      4647       1    1079    1185    1183    1389
CTETRA      4648       1     491     969    1538    1542
CTETRA      4649       1     275      22     342    1544
CTETRA      4650       1     534     203     536    1536
CTETRA      4651       1    1110     937     203    1536
CTETRA      4652       1    1248    1249    1241    1384
CTETRA      4653       1     240     553     556    1537
CTETRA      4654       1     491     217     513    1538
CTETRA      4655       1    1137     240     972    1537
CTETRA      4656       1    1034    1031    1052    1393
CTETRA      4657       1    1102     217     969    1538
CTETRA      4658       1     390     326     440    1472
CTETRA      4659       1    1172     986     985    1526
CTETRA      4660       1     866     896     718    1489
CTETRA      4661       1     995     992     996    1554
CTETRA      4662       1    1002    1003    1004    1409
CTETRA      4663       1     880     761     762    1418
CTETRA      4664       1     352     282     425    1516
CTETRA      4665       1    1397    1470    1361    1510
CTETRA      4666       1    1037    1036    1035    1412
CTETRA      4667       1     353      78     348    1547
CTETRA      4668       1    1114      78     960    1547
CTETRA      4669       1    1135     973      87    1549
CTETRA      4670       1     346     309      87    1549
CTETRA      4671       1     598     554     489    1372
CTETRA      4672       1     736     737     738    1411
CTETRA      4673       1     326     325     293    1370
CTETRA      4674       1     265    1254    1222    1246
CTETRA      4675       1    1253     257     922    1245
CTETRA      4676       1    1221     261    1232    1240
CTETRA      4677       1    1230    1236    1234    1381
CTETRA      4678       1    1239     921     253    1231
CTETRA      4679       1    1130     993     991    1500
CTETRA      4680       1     480     530     573    1382
CTETRA      4681       1     334     433     382    1443
CTETRA      4682       1     943    1202    1121    1422
CTETRA      4683       1     624     131     560     920
CTETRA      4684       1    1220     625     192     561
CTETRA      4685       1     811     644     881    1413
CTETRA      4686       1     882     792     794    1421
CTETRA      4687       1    1175    1103    1107    1404
CTETRA      4688       1      48     663     750    1510
CTETRA      4689       1    1189     939    1116    1402
CTETRA      4690       1    1232    1152     261    1221
CTETRA      4691       1    1151     265    1222    1246
CTETRA      4692       1     850     922     257    1245
CTETRA      4693       1    1198     944    1115    1499
CTETRA      4694       1     847     253     921    1231
CTETRA      4695       1     548     585     463    1496
CTETRA      4696       1     834     903     647    1420
CTETRA      4697       1      68      69     294    1228
CTETRA      4698       1     191     473    1229     190
CTETRA      4699       1     459     540     582    1499
CTETRA      4700       1    1144    1061    1142    1456
CTETRA      4701       1    1224     979    1123    1414
CTETRA      4702       1    1114     960    1084    1547
CTETRA      4703       1    1036     969    1131    1542
CTETRA      4704       1     973    1135    1059    1549
CTETRA      4705       1    1137     972    1003    1537
CTETRA      4706       1     655      22     784    1544
CTETRA      4707       1     678     560     131     920
CTETRA      4708       1     979    1220     192     561
CTETRA      4709       1     252     465     251    1243
CTETRA      4710       1     130     129     286    1242
CTETRA      4711       1    1102     969    1038    1538
CTETRA      4712       1     629     853     864    1484
CTETRA      4713       1    1006    1007    1008    1476
CTETRA      4714       1      48     323     389    1510
CTETRA      4715       1     866     728     724    1520
CTETRA      4716       1     665      10      11     318
CTETRA      4717       1     198     199     941     485
CTETRA      4718       1     133     134     488     644
CTETRA      4719       1     194     195     944     540
CTETRA      4720       1     462     136     137     803
CTETRA      4721       1     537     134     135     811
CTETRA      4722       1     195     196    1115     459
CTETRA      4723       1     197     198    1109     529
CTETRA      4724       1    1110     203     204     534
CTETRA      4725       1     939     200     201     526
CTETRA      4726       1     542     135     136     638
CTETRA      4727       1      81      82     356     959
CTETRA      4728       1     196     197     974     539
CTETRA      4729       1     201     202    1116     482
CTETRA      4730       1      80      81     358    1122
CTETRA      4731       1     937     202     203     536
CTETRA      4732       1      78      79     348    1114
CTETRA      4733       1     955     204     205     478
CTETRA      4734       1      82      83     299    1070
CTETRA      4735       1      79      80     303     958
CTETRA      4736       1     148     149     455     757
CTETRA      4737       1      85      84    1124     307
CTETRA      4738       1     206     486     207     956
CTETRA      4739       1     206    1106     205     533
CTETRA      4740       1     158     514     729     159
CTETRA      4741       1      89      88    1057     302
CTETRA      4742       1     354      83      84     933
CTETRA      4743       1     141     142     457     637
CTETRA      4744       1     147     148     548     660
CTETRA      4745       1     211     210     481    1108
CTETRA      4746       1    1125     199     200     532
CTETRA      4747       1     208     207     545    1103
CTETRA      4748       1     487     209     208    1107
CTETRA      4749       1     210     209     524     932
CTETRA      4750       1      86      85     942     365
CTETRA      4751       1     219    1030     483     220
CTETRA      4752       1     221     222    1134     507
CTETRA      4753       1      88      87     973     346
CTETRA      4754       1     669     518     162     161
CTETRA      4755       1      87      86    1135     309
CTETRA      4756       1      77      78     353     960
CTETRA      4757       1      39      40     754     340
CTETRA      4758       1      90      89     940     351
CTETRA      4759       1     222     223     967     490
CTETRA      4760       1      99     100     329     934
CTETRA      4761       1     311     100     101    1055
CTETRA      4762       1     367     105     106     935
CTETRA      4763       1     666     551     160     159
CTETRA      4764       1     452     835     160     161
CTETRA      4765       1     634      38      39     273
CTETRA      4766       1     964     221     519     220
CTETRA      4767       1      44      45     635     274
CTETRA      4768       1     496     244     243     927
CTETRA      4769       1     183     182     627     557
CTETRA      4770       1     240     556     241     972
CTETRA      4771       1     674     180     179     555
CTETRA      4772       1     144     145     454     632
CTETRA      4773       1     664     178     177     502
CTETRA      4774       1     337     419     287    1378
CTETRA      4775       1     520     143     144     765
CTETRA      4776       1     671     156     531     157
CTETRA      4777       1     969     491     217     218
CTETRA      4778       1     515     672     163     164
CTETRA      4779       1     224     225     970     492
CTETRA      4780       1     513    1102     217     216
CTETRA      4781       1     242     241     474    1014
CTETRA      4782       1     713     181     180     497
CTETRA      4783       1     369     101     102     949
CTETRA      4784       1      40      41     649     292
CTETRA      4785       1     212     211     530     975
CTETRA      4786       1    1111     223     224     549
CTETRA      4787       1     471     801     162     163
CTETRA      4788       1     289      57      56     647
CTETRA      4789       1      95      94     943     335
CTETRA      4790       1     782      23      24     359
CTETRA      4791       1     118     117     947     373
CTETRA      4792       1     623     189     919     558
CTETRA      4793       1     142     143     535     804
CTETRA      4794       1     172     173     525     844
CTETRA      4795       1     145     146     538     824
CTETRA      4796       1     219     550    1131     218
CTETRA      4797       1     157     470     832     158
CTETRA      4798       1    1119    1041    1120    1439
CTETRA      4799       1     306      76      77    1100
CTETRA      4800       1     179     178     839     468
CTETRA      4801       1     240     239     553    1137
CTETRA      4802       1     150     151     460     643
CTETRA      4803       1    1233    1236    1227    1518
CTETRA      4804       1     146     147     463     826
CTETRA      4805       1     795      15      16     349
CTETRA      4806       1     290     430     344    1477
CTETRA      4807       1    1104    1199     966    1539
CTETRA      4808       1     528     140     141     814
CTETRA      4809       1     233     234    1146     493
CTETRA      4810       1     508     243     242    1023
CTETRA      4811       1     182     181     722     448
CTETRA      4812       1    1082    1083    1081    1442
CTETRA      4813       1     383     323      48    1510
CTETRA      4814       1    1037    1039    1038    1426
CTETRA      4815       1     827     816     799    1430
CTETRA      4816       1     481     524     572    1545
CTETRA      4817       1     304     427     370    1533
CTETRA      4818       1     149     150     521     818
CTETRA      4819       1    1154     977    1149    1381
CTETRA      4820       1      26      27     633     276
CTETRA      4821       1     458     139     140     639
CTETRA      4822       1      16      17     662     362
CTETRA      4823       1     778      27      28     343
CTETRA      4824       1     734     735     736    1434
CTETRA      4825       1     851     926     675    1435
CTETRA      4826       1      24      25     642     284
CTETRA      4827       1     137     138     527     641
CTETRA      4828       1      18      19     658     350
CTETRA      4829       1     875     764     828    1512
CTETRA      4830       1     450     512     511    1529
CTETRA      4831       1     703     702     701    1424
CTETRA      4832       1     559     250    1219     626
CTETRA      4833       1     748     919     189     558
CTETRA      4834       1     467     598     506    1562
CTETRA      4835       1     996    1056    1048    1460
CTETRA      4836       1    1133     947    1207    1550
CTETRA      4837       1     723      45      46     328
CTETRA      4838       1     466     741     164     165
CTETRA      4839       1     225     226    1042     509
CTETRA      4840       1     683     681     682    1559
CTETRA      4841       1     106     107     310    1024
CTETRA      4842       1    1077    1079    1078    1555
CTETRA      4843       1    1072    1132    1124    1541
CTETRA      4844       1     588     542     462    1546
CTETRA      4845       1    1187    1035    1161    1525
CTETRA      4846       1      43      44     842     372
CTETRA      4847       1     316     104     105    1141
CTETRA      4848       1     321      63      62     845
CTETRA      4849       1    1064    1067    1140    1513
CTETRA      4850       1     659      12      13     280
CTETRA      4851       1      65      64     271     628
CTETRA      4852       1     497     590     555    1515
CTETRA      4853       1     176     175     755     472
CTETRA      4854       1     988    1209    1156    1560
CTETRA      4855       1     997     998     999    1448
CTETRA      4856       1     858     908     761    1440
CTETRA      4857       1     173     174     469     689
CTETRA      4858       1      14      15     661     283
CTETRA      4859       1    1206    1027    1199    1481
CTETRA      4860       1      91      90    1140     301
CTETRA      4861       1     976    1153    1150    1384
CTETRA      4862       1     756      41      42     337
CTETRA      4863       1     313     102     103    1069
CTETRA      4864       1     456     171     172     636
CTETRA      4865       1     250    1219    1049     559
CTETRA      4866       1     879     799     878    1521
CTETRA      4867       1     936     232     233     546
CTETRA      4868       1     966    1166    1042    1548
CTETRA      4869       1      34      35     813     352
CTETRA      4870       1     784      22      23     275
CTETRA      4871       1      96      95    1121     312
CTETRA      4872       1    1133     119     118     376
CTETRA      4873       1     375      58      57     834
CTETRA      4874       1     239     238     477     962
CTETRA      4875       1     461     155     156     781
CTETRA      4876       1      33      34     640     282
CTETRA      4877       1     749     184     183     449
CTETRA      4878       1    1050     510     244     245
CTETRA      4879       1     884     817     924    1455
CTETRA      4880       1    1192    1060    1180    1523
CTETRA      4881       1    1180    1107     932    1492
CTETRA      4882       1    1213    1167    1129    1459
CTETRA      4883       1     879     638     811    1505
CTETRA      4884       1     215     451    1118     214
CTETRA      4885       1     984     988     983    1493
CTETRA      4886       1     684     685     874    1450
CTETRA      4887       1      42      43     645     287
CTETRA      4888       1     331     103     104     945
CTETRA      4889       1    1121    1187     948    1514
CTETRA      4890       1     167     506     667     168
CTETRA      4891       1     166     668     552     165
CTETRA      4892       1     226     227     966     495
CTETRA      4893       1     305     439     374    1473
CTETRA      4894       1     965     228     229     489
CTETRA      4895       1     768     860     876    1449
CTETRA      4896       1     776     913     868    1429
CTETRA      4897       1    1010    1012    1013    1451
CTETRA      4898       1     794     820     861    1438
CTETRA      4899       1     543     138     139     823
CTETRA      4900       1      17      18     802     279
CTETRA      4901       1     783      25      26     368
CTETRA      4902       1     833      28      29     281
CTETRA      4903       1     747     695     697    1509
CTETRA      4904       1     467     168     169     840
CTETRA      4905       1     227     228    1104     547
CTETRA      4906       1     166     453     788     167
CTETRA      4907       1     954    1160    1176    1478
CTETRA      4908       1    1138     229     230     554
CTETRA      4909       1     480     213     212    1117
CTETRA      4910       1     805      11      12     360
CTETRA      4911       1     333      64      63     846
CTETRA      4912       1     957     516     215     216
CTETRA      4913       1     270      62      61     652
CTETRA      4914       1     123     122     952     332
CTETRA      4915       1    1147     124     123     297
CTETRA      4916       1     583     543     458    1415
CTETRA      4917       1     177     176     747     503
CTETRA      4918       1     950    1213    1157    1464
CTETRA      4919       1     335     312     425    1422
CTETRA      4920       1    1202    1188    1039    1531
CTETRA      4921       1      75      76     355    1127
CTETRA      4922       1     151     152     523     770
CTETRA      4923       1     990     234     235     505
CTETRA      4924       1      97      96     948     370
CTETRA      4925       1     655      21      22     342
CTETRA      4926       1      35      36     648     291
CTETRA      4927       1     931     120     119     295
CTETRA      4928       1     319      59      58     631
CTETRA      4929       1    1068    1066    1176    1452
CTETRA      4930       1      93      92     930     272
CTETRA      4931       1     805     815     806    1462
CTETRA      4932       1     375     289     397    1420
CTETRA      4933       1     285      71      72     963
CTETRA      4934       1      56      55     324     870
CTETRA      4935       1     859      19      20     278
CTETRA      4936       1      37      38     865     371
CTETRA      4937       1    1164      99      98     341
CTETRA      4938       1      46      47     646     288
CTETRA      4939       1     388     363     272    1487
CTETRA      4940       1     812     661     797    1519
CTETRA      4941       1     374     107     108     946
CTETRA      4942       1    1145    1163     930    1487
CTETRA      4943       1     488     537     582    1413
CTETRA      4944       1     656      29      30     345
CTETRA      4945       1     723     724     635    1465
CTETRA      4946       1     487     545     585    1404
CTETRA      4947       1     526     595     482    1402
CTETRA      4948       1     935    1141    1026    1506
CTETRA      4949       1      50      51     911     347
CTETRA      4950       1     910      20      21     357
CTETRA      4951       1     957    1102    1040    1551
CTETRA      4952       1      36      37     907     336
CTETRA      4953       1      98      97    1211     304
CTETRA      4954       1     132     133     541     817
CTETRA      4955       1     193     194    1123     464
CTETRA      4956       1     314     111     112    1213
CTETRA      4957       1     121     120    1217     330
CTETRA      4958       1     269      60      59     917
CTETRA      4959       1     968     230     231     484
CTETRA      4960       1     185     184     629     499
CTETRA      4961       1     321     270     393    1561
CTETRA      4962       1     810     665     807    1471
CTETRA      4963       1     973    1058    1057    1558
CTETRA      4964       1      94      93    1101     338
CTETRA      4965       1     989     978     980    1488
CTETRA      4966       1     869     909     663    1470
CTETRA      4967       1     982     981     928    1517
CTETRA      4968       1      54      53     293     651
CTETRA      4969       1     650      51      52     290
CTETRA      4970       1    1015     231     232     500
CTETRA      4971       1     467     563     618    1445
CTETRA      4972       1     322     109     110     961
CTETRA      4973       1    1170     122     121     317
CTETRA      4974       1      61      60     377     872
CTETRA      4975       1     320      66      65     679
CTETRA      4976       1     869      49      50     277
CTETRA      4977       1     263     977     262    1230
CTETRA      4978       1     439     383     288    1419
CTETRA      4979       1     258    1244     259     675
CTETRA      4980       1     267    1241     266     976
CTETRA      4981       1     255    1227     254     676
CTETRA      4982       1     547     495     604    1539
CTETRA      4983       1     854     187     186     450
CTETRA      4984       1     366     110     111    1167
CTETRA      4985       1     522     174     175     673
CTETRA      4986       1      13      14     812     364
CTETRA      4987       1     631     904     834    1495
CTETRA      4988       1    1201    1051     946    1473
CTETRA      4989       1    1168     117     116     298
CTETRA      4990       1     305     108     109    1051
CTETRA      4991       1     682     681     680    1559
CTETRA      4992       1    1004    1005    1006    1504
CTETRA      4993       1     454     538     576    1532
CTETRA      4994       1     876     655     784    1544
CTETRA      4995       1     376     397     373    1550
CTETRA      4996       1    1183     937    1110    1536
CTETRA      4997       1     682     686     915    1463
CTETRA      4998       1     929     476     245     246
CTETRA      4999       1    1179     945    1069    1468
CTETRA      5000       1     650     790     899    1477
CTETRA      5001       1     327     420     314    1464
CTETRA      5002       1    1097    1098    1225    1503
CTETRA      5003       1    1145      92      91     363
CTETRA      5004       1    1169    1214     951    1472
CTETRA      5005       1     314     428     366    1459
CTETRA      5006       1     327     112     113     950
CTETRA      5007       1     663     900     750    1510
CTETRA      5008       1     325      55      54     914
CTETRA      5009       1     280     385     364    1543
CTETRA      5010       1     810       9      10     380
CTETRA      5011       1     370     415     312    1514
CTETRA      5012       1      70      71     381    1099
CTETRA      5013       1     905     186     185     511
CTETRA      5014       1     590     474     556    1535
CTETRA      5015       1    1097    1200    1095    1530
CTETRA      5016       1     789      30      31     300
CTETRA      5017       1      74      75     308     938
CTETRA      5018       1     235     236     971     494
CTETRA      5019       1     152     153     479     654
CTETRA      5020       1     544     954     214     213
CTETRA      5021       1    1094    1095    1093    1498
CTETRA      5022       1     579     524     487    1492
CTETRA      5023       1     587     537     542    1505
CTETRA      5024       1     912     882     658    1491
CTETRA      5025       1     379     443     296    1488
CTETRA      5026       1     625       7    1238    1220
CTETRA      5027       1       5     624    1237     920
CTETRA      5028       1       1     921    1239     445
CTETRA      5029       1     446       3    1221    1240
CTETRA      5030       1       4    1254     447    1222
CTETRA      5031       1       2     444    1253     922
CTETRA      5032       1    1251       6     919     623
CTETRA      5033       1     626       8    1219    1252
CTETRA      5034       1     389     435     277    1470
CTETRA      5035       1     748     653     923    1453
CTETRA      5036       1     192     193     979     561
CTETRA      5037       1     131     132     560     678
CTETRA      5038       1     850     257     258    1245
CTETRA      5039       1     265    1151     266    1246
CTETRA      5040       1    1152     262    1232     261
CTETRA      5041       1     847     254     253    1231
CTETRA      5042       1     509     612     495    1548
CTETRA      5043       1      33      32     384     777
CTETRA      5044       1     382     124     125    1148
CTETRA      5045       1     657     155     154     564
CTETRA      5046       1     188     187     653     498
CTETRA      5047       1     562     512     613    1560
CTETRA      5048       1     568     238     237    1048
CTETRA      5049       1      67      66     378     677
CTETRA      5050       1      32      31     434     630
CTETRA      5051       1     838     154     153     615
CTETRA      5052       1     432     125     126     928
CTETRA      5053       1    1056     237     619     236
CTETRA      5054       1      73      72    1112     387
CTETRA      5055       1      74      73    1113     437
CTETRA      5056       1     259     849    1247     260
CTETRA      5057       1    1150     267    1248     268
CTETRA      5058       1     790      52      53     344
CTETRA      5059       1     501     567     616    1416
CTETRA      5060       1     379     127     128     978
CTETRA      5061       1    1233     848     255     256
CTETRA      5062       1     264    1149     263    1234
CTETRA      5063       1     296     126     127     980
CTETRA      5064       1     888     820     863    1556
CTETRA      5065       1     189     188     748     558
CTETRA      5066       1     380     442     318    1471
CTETRA      5067       1    1049     249     250     559
CTETRA      5068       1     315     113     114    1105
CTETRA      5069       1     491     596     550    1542
CTETRA      5070       1     115     114     951     440
CTETRA      5071       1     342     396     275    1544
CTETRA      5072       1     534     536     586    1536
CTETRA      5073       1     556     553     575    1537
CTETRA      5074       1     491     513     606    1538
CTETRA      5075       1     686     688     926    1527
CTETRA      5076       1     353     348     404    1547
CTETRA      5077       1     346     401     309    1549
CTETRA      5078       1    1214     116     115     390
CTETRA      5079       1     246     247    1209     562
CTETRA      5080       1    1156     247     248     613
CTETRA      5081       1     248     249     953     475
CTETRA      5082       1     921       1       9     445
CTETRA      5083       1       7    1238    1220     264
CTETRA      5084       1     256       5    1237     920
CTETRA      5085       1    1221      70       3     446
CTETRA      5086       1     447     128       4    1222
CTETRA      5087       1     444       2      67     922
CTETRA      5088       1     260       6     919    1251
CTETRA      5089       1       8     268    1219    1252
CTETRA      5090       1     171     170     714     567
CTETRA      5091       1     170     169     670     563
CTETRA      5092       1      49      48     389     663
CTETRA      5093       1     625    1238       7     191
CTETRA      5094       1    1239      68       1     445
CTETRA      5095       1     190       5     624    1237
CTETRA      5096       1     446      69       3    1240
CTETRA      5097       1    1254     130       4     447
CTETRA      5098       1     444     129       2    1253
CTETRA      5099       1     623    1251       6     251
CTETRA      5100       1     626     252       8    1252
CTETRA      5101       1      48      47     383     750
CTETRA      5102       1       4    1254    1222     265
CTETRA      5103       1     257       2    1253     922
CTETRA      5104       1       3     261    1221    1240
CTETRA      5105       1       1     921     253    1239
CTETRA      5106       1       8    1219     250     626
CTETRA      5107       1       6     189     919     623
CTETRA      5108       1       7     625     192    1220
CTETRA      5109       1     624       5     131     920
CTETRA      5110       1    1367     752     893     906
CTETRA      5111       1    1367     893     752    1301
CTETRA      5112       1    1391    1194    1268    1326
CTETRA      5113       1    1391    1268    1194    1087
CTETRA      5114       1    1439    1487    1190    1163
CTETRA      5115       1    1190    1487    1439    1311
CTETRA      5116       1    1196    1391    1195    1089
CTETRA      5117       1    1195    1391    1196    1302
CTETRA      5118       1    1391    1194    1195    1087
CTETRA      5119       1    1391    1195    1194    1302
CTETRA      5120       1    1386     892     886     740
CTETRA      5121       1    1386     886     892    1311
CTETRA      5122       1     707    1364     873     710
CTETRA      5123       1     873    1364     707    1309
CTETRA      5124       1    1472     995    1205    1169
CTETRA      5125       1    1472    1205     995    1305
CTETRA      5126       1    1562     902     728    1312
CTETRA      5127       1     728     902    1562     857
CTETRA      5128       1     728    1520    1562    1312
CTETRA      5129       1    1562    1520     728     857
CTETRA      5130       1    1415     814     793     639
CTETRA      5131       1    1415     793     814    1320
CTETRA      5132       1    1429     760     780     913
CTETRA      5133       1    1429     780     760    1300
CTETRA      5134       1    1047    1468    1158    1179
CTETRA      5135       1    1158    1468    1047    1304
CTETRA      5136       1     298    1214     116    1168
CTETRA      5137       1     298     116    1214     390
CTETRA      5138       1    1169    1310    1278    1448
CTETRA      5139       1    1278    1310    1169    1472
CTETRA      5140       1    1400     822     886     883
CTETRA      5141       1    1400     886     822    1311
CTETRA      5142       1    1448    1169    1000     997
CTETRA      5143       1    1448    1000    1169    1310
CTETRA      5144       1    1401     912     787    1342
CTETRA      5145       1    1401     787     912     786
CTETRA      5146       1    1400     777     886    1311
CTETRA      5147       1    1400     886     777     630
CTETRA      5148       1    1431    1074    1275    1173
CTETRA      5149       1    1431    1275    1074    1368
CTETRA      5150       1    1468    1045    1181    1179
CTETRA      5151       1    1468    1181    1045    1303
CTETRA      5152       1    1328    1000    1448    1310
CTETRA      5153       1    1328    1448    1000    1216
CTETRA      5154       1     760    1440     758     908
CTETRA      5155       1     758    1440     760    1335
CTETRA      5156       1    1385    1400     894     883
CTETRA      5157       1     894    1400    1385    1314
CTETRA      5158       1    1162    1362    1293    1155
CTETRA      5159       1    1293    1362    1162    1316
CTETRA      5160       1    1293    1526    1162    1155
CTETRA      5161       1    1162    1526    1293    1316
CTETRA      5162       1    1392    1217    1171     931
CTETRA      5163       1    1392    1171    1217    1309
CTETRA      5164       1     523    1382     577     573
CTETRA      5165       1     577    1382     523    1313
CTETRA      5166       1    1378    1428     889    1303
CTETRA      5167       1     889    1428    1378     887
CTETRA      5168       1    1364     330     424     418
CTETRA      5169       1    1364     424     330    1309
CTETRA      5170       1    1499     539     587     459
CTETRA      5171       1    1499     587     539    1336
CTETRA      5172       1    1150    1252     268    1248
CTETRA      5173       1     268    1252    1150    1219
CTETRA      5174       1     325     870    1310     324
CTETRA      5175       1    1310     870     325     914
CTETRA      5176       1    1540    1288    1257    1328
CTETRA      5177       1    1540    1257    1288    1424
CTETRA      5178       1    1409    1257    1288    1328
CTETRA      5179       1    1409    1288    1257    1424
CTETRA      5180       1    1496     757     758     660
CTETRA      5181       1    1496     758     757    1335
CTETRA      5182       1    1560     929    1162    1209
CTETRA      5183       1    1560    1162     929    1316
CTETRA      5184       1    1499     974    1197    1336
CTETRA      5185       1    1499    1197     974    1115
CTETRA      5186       1    1526    1155    1013     986
CTETRA      5187       1    1526    1013    1155    1293
CTETRA      5188       1    1544     875    1348     784
CTETRA      5189       1    1544    1348     875    1284
CTETRA      5190       1    1357     451     517     566
CTETRA      5191       1    1357     517     451    1325
CTETRA      5192       1    1457     602     518     452
CTETRA      5193       1     602    1458    1457     518
CTETRA      5194       1    1457    1458     602    1319
CTETRA      5195       1     603    1375    1490     549
CTETRA      5196       1    1490    1375     603    1322
CTETRA      5197       1     436    1471    1462     318
CTETRA      5198       1    1462    1471     436    1298
CTETRA      5199       1    1371     607    1485     519
CTETRA      5200       1    1371    1485     607    1321
CTETRA      5201       1    1355     351     402     395
CTETRA      5202       1    1355     402     351    1317
CTETRA      5203       1    1458     743    1428     837
CTETRA      5204       1    1458    1428     743    1322
CTETRA      5205       1    1543     361    1462     280
CTETRA      5206       1    1543    1462     361    1282
CTETRA      5207       1     696    1552     695     694
CTETRA      5208       1     695    1552     696    1278
CTETRA      5209       1     730    1457    1432     732
CTETRA      5210       1    1432    1457     730    1321
CTETRA      5211       1    1542    1032    1412    1485
CTETRA      5212       1    1542    1412    1032    1036
CTETRA      5213       1    1086    1547    1405    1084
CTETRA      5214       1    1405    1547    1086    1486
CTETRA      5215       1     328    1306    1369     417
CTETRA      5216       1    1369    1306     328    1465
CTETRA      5217       1    1369     429     328     417
CTETRA      5218       1     328     429    1369    1465
CTETRA      5219       1    1380    1541    1456    1275
CTETRA      5220       1    1380    1456    1541    1132
CTETRA      5221       1    1144    1456    1541    1275
CTETRA      5222       1    1144    1541    1456    1132
CTETRA      5223       1    1547    1082    1373    1290
CTETRA      5224       1    1547    1373    1082    1114
CTETRA      5225       1    1549    1142    1380    1135
CTETRA      5226       1    1549    1380    1142    1285
CTETRA      5227       1    1513     399     363     301
CTETRA      5228       1    1513     363     399    1314
CTETRA      5229       1    1363     557     570    1329
CTETRA      5230       1    1363     570     557     599
CTETRA      5231       1    1081    1555    1389    1079
CTETRA      5232       1    1389    1555    1081    1272
CTETRA      5233       1    1515     722     706     713
CTETRA      5234       1    1515     706     722    1461
CTETRA      5235       1    1543    1462     815     659
CTETRA      5236       1    1543     815    1462    1282
CTETRA      5237       1    1462    1471     806     665
CTETRA      5238       1     806    1471    1462    1298
CTETRA      5239       1     454    1281     576     574
CTETRA      5240       1     454     576    1281    1532
CTETRA      5241       1    1461     711    1396     708
CTETRA      5242       1    1461    1396     711    1329
CTETRA      5243       1    1354    1392    1495    1309
CTETRA      5244       1    1495    1392    1354    1288
CTETRA      5245       1    1497     456     609     525
CTETRA      5246       1    1497     609     456    1338
CTETRA      5247       1    1509     472     504     503
CTETRA      5248       1    1509     504     472    1341
CTETRA      5249       1     278    1480     407     357
CTETRA      5250       1     407    1480     278    1342
CTETRA      5251       1     923    1527    1463     686
CTETRA      5252       1    1463    1527     923    1256
CTETRA      5253       1    1460     620    1509     504
CTETRA      5254       1    1460    1509     620    1327
CTETRA      5255       1    1488    1151    1222    1332
CTETRA      5256       1    1488    1222    1151     978
CTETRA      5257       1     938     355      75     308
CTETRA      5258       1     938      75     355    1127
CTETRA      5259       1     505     971     235     990
CTETRA      5260       1     505     235     971     494
CTETRA      5261       1     654     523     152     770
CTETRA      5262       1     654     152     523     479
CTETRA      5263       1     789     345      30     300
CTETRA      5264       1      30     345     789     656
CTETRA      5265       1    1518    1231    1235    1227
CTETRA      5266       1    1518    1235    1231    1331
CTETRA      5267       1     451     957     215    1118
CTETRA      5268       1     215     957     451     516
CTETRA      5269       1    1234    1220    1381    1238
CTETRA      5270       1    1234    1381    1220    1149
CTETRA      5271       1    1529     629     864    1484
CTETRA      5272       1    1529     864     629     905
CTETRA      5273       1    1562     453     610     506
CTETRA      5274       1    1562     610     453    1502
CTETRA      5275       1     544    1117    1478     954
CTETRA      5276       1    1478    1117     544     480
CTETRA      5277       1    1381    1229    1238    1344
CTETRA      5278       1    1381    1238    1229    1234
CTETRA      5279       1     352     648    1516     291
CTETRA      5280       1     352    1516     648     813
CTETRA      5281       1    1494     528     581     457
CTETRA      5282       1    1494     581     528    1320
CTETRA      5283       1     814    1494     791     637
CTETRA      5284       1     791    1494     814    1320
CTETRA      5285       1     690    1507     831     693
CTETRA      5286       1     831    1507     690    1403
CTETRA      5287       1    1540    1448    1328    1257
CTETRA      5288       1    1540    1328    1448    1310
CTETRA      5289       1    1500    1524    1387    1258
CTETRA      5290       1    1387    1524    1500    1292
CTETRA      5291       1    1469    1397    1388    1260
CTETRA      5292       1    1469    1388    1397    1295
CTETRA      5293       1     581    1402    1116     482
CTETRA      5294       1    1116    1402     581    1320
CTETRA      5295       1     581    1116     937     482
CTETRA      5296       1     937    1116     581    1320
CTETRA      5297       1     581     937     536     482
CTETRA      5298       1    1404     594    1431     545
CTETRA      5299       1    1404    1431     594    1318
CTETRA      5300       1    1245     675    1435    1244
CTETRA      5301       1    1435     675    1245     850
CTETRA      5302       1    1246     976    1332    1151
CTETRA      5303       1    1332     976    1246    1241
CTETRA      5304       1    1231     676    1518     847
CTETRA      5305       1    1518     676    1231    1227
CTETRA      5306       1    1152    1230     262     977
CTETRA      5307       1     262    1230    1152    1232
CTETRA      5308       1    1477     391     430     344
CTETRA      5309       1    1477     430     391    1407
CTETRA      5310       1    1379    1446    1481    1312
CTETRA      5311       1    1481    1446    1379    1267
CTETRA      5312       1    1415     591    1557    1326
CTETRA      5313       1    1415    1557     591     543
CTETRA      5314       1     584    1413    1455     488
CTETRA      5315       1    1455    1413     584    1324
CTETRA      5316       1     438    1422    1534     335
CTETRA      5317       1    1534    1422     438    1330
CTETRA      5318       1    1420     400     647     289
CTETRA      5319       1    1420     647     400    1328
CTETRA      5320       1     647     400     870     289
CTETRA      5321       1     647     870     400    1328
CTETRA      5322       1     870     400     324     289
CTETRA      5323       1     870     324     400    1328
CTETRA      5324       1    1471     847     921    1331
CTETRA      5325       1    1471     921     847     810
CTETRA      5326       1    1384    1243    1252    1248
CTETRA      5327       1    1384    1252    1243    1345
CTETRA      5328       1    1374    1463    1365    1297
CTETRA      5329       1    1365    1463    1374    1256
CTETRA      5330       1     380     921    1471     810
CTETRA      5331       1     380    1471     921     445
CTETRA      5332       1     447     978     128    1222
CTETRA      5333       1     128     978     447     379
CTETRA      5334       1    1408      66     320     679
CTETRA      5335       1    1408     320      66     378
CTETRA      5336       1    1453     565     622     498
CTETRA      5337       1    1453     622     565    1374
CTETRA      5338       1     922     378    1408     677
CTETRA      5339       1     922    1408     378     444
CTETRA      5340       1    1021    1522    1022    1020
CTETRA      5341       1    1022    1522    1021    1395
CTETRA      5342       1    1482     334     433     333
CTETRA      5343       1    1482     433     334    1443
CTETRA      5344       1    1524     692     831     829
CTETRA      5345       1    1524     831     692    1403
CTETRA      5346       1    1532     763     821     824
CTETRA      5347       1    1532     821     763    1423
CTETRA      5348       1    1548     600    1490     509
CTETRA      5349       1    1548    1490     600    1353
CTETRA      5350       1    1470      49     277     389
CTETRA      5351       1    1470     277      49     869
CTETRA      5352       1     581     937    1536     536
CTETRA      5353       1     581    1536     937    1320
$             43THRU        5353                                                
PSOLID         1       1                                        
MAT1           12.1+11          0.3     7850.0                          
$
SPC            3       1  123456     0.0
SPC            3       3  123456     0.0
SPC            3       5  123456     0.0
SPC            3       7  123456     0.0
SPC            3      68  123456     0.0
SPC            3      69  123456     0.0
SPC            3     190  123456     0.0
SPC            3     191  123456     0.0
SPC            3     253  123456     0.0
SPC            3     254  123456     0.0
SPC            3     255  123456     0.0
SPC            3     256  123456     0.0
SPC            3     261  123456     0.0
SPC            3     262  123456     0.0
SPC            3     263  123456     0.0
SPC            3     264  123456     0.0
SPC            3    1227  123456     0.0
SPC            3    1228  123456     0.0
SPC            3    1229  123456     0.0
SPC            3    1230  123456     0.0
SPC            3    1231  123456     0.0
SPC            3    1232  123456     0.0
SPC            3    1233  123456     0.0
SPC            3    1234  123456     0.0
SPC            3    1235  123456     0.0
SPC            3    1236  123456     0.0
SPC            3    1237  123456     0.0
SPC            3    1238  123456     0.0
SPC            3    1239  123456     0.0
SPC            3    1240  123456     0.0
EIGRL          2                      10                            MASS
ENDDATA
